"8","grex.org","70","/~tfurrows/","Weather via telnet","/"
"8","redhill.net.nz","70","","Redhill's BBS","/redhill.net.nz"
"8","moo.ca","70","","Telnet to Moo Canada",""
"8","www.redhill.net.nz","70","","Redhill's BBS","/redhill.net.nz"
"8","sdf.org","70","/users/tfurrows/","Wunderground Telnet","/"
"8","devio.us","70","/~brycec/","Star Wars, ASCII version",""
"8","devio.us","70","/~samalex/","Synchronet BBS",""
"8","devio.us","70","/~samalex/","The X-Bit BBS",""
"8","devio.us","70","/~samalex/","Jamming Signal BBS",""
