"3","sdf.org","70","/NetBSD/","Error: File or directory not found!"
"3","vsta.org","70","/ajvTerm","'/ajvTerm' does not exist (no handler found)"
"3","gopher.quux.org","70","/Archives/index","'/Archives/index' does not exist (no handler found)"
"3","ygrex.ru","70","/debian/kernel/../gnuplot","'/debian/kernel/../gnuplot' does not exist (no handler found)"
"3","ygrex.ru","70","/about/././","'/about/./.' does not exist (no handler found)"
"3","gopher.quux.org","70","/Archives/mirrors/wiretap.area.com","'/Archives/mirrors/wiretap.area.com' does not exist (no handler found)"
"3","gopher.quux.org","70","/Archives/mirrors/textfiles.com/programming/AMIGA","'/Archives/mirrors/textfiles.com/programming/AMIGA' does not exist (no handler found)"
"3","gopher.quux.org","70","/Archives/mirrors/textfiles.com/programming/AI","'/Archives/mirrors/textfiles.com/programming/AI' does not exist (no handler found)"
"3","gopher.quux.org","70","/Archives/mirrors/risks","'/Archives/mirrors/risks' does not exist (no handler found)"
"3","gopher.quux.org","70","/pygfarm/dict.pyg?/jargon","'/pygfarm/dict.pyg?/jargon' does not exist (no handler found)"
"3","gopher.quux.org","70","/Archives/mirrors/textfiles.com/programming","'/Archives/mirrors/textfiles.com/programming' does not exist (no handler found)"
"3","doomanddarkness.eu","70","/pub/mlp/..","'/pub/mlp/..' does not exist (no handler found)"
"3","tourism-bureau.seattle.wa.us","70","/grunge","'/grunge' does not exist (no handler found)"
