"s","tilde.land","70","/~chris","how to pronounce my name","/~chris/neukirchen.ogg"
"s","boomlin.de","70","/findings","lompakko.mod","/findings/lompakko.mod"
"s","tinfig.com","70","/auDIO","Jong88-you_gay_mother_fucker_(Jake88)","/auDIO/Jong88-you_gay_mother_fucker_(Jake88).mp3"
"s","tinfig.com","70","/auDIO","The_Sign","/auDIO/The_Sign.mid"
"s","tinfig.com","70","/auDIO","charles_has_arrived-backdoor_beauty","/auDIO/charles_has_arrived-backdoor_beauty.wav"
"s","uninformativ.de","70","/twitpher/2013-05","2013-05-02-das-keyboard.ogg","/twitpher/2013"0","gopher.meulie.net","70","/EFFector/","effect01.07                                                            2012-May-16 15:42     2.6 KB","/EFFector/effect01.07"
"s","uninformativ.de","70","/twitpher/2013-05","2013-05-02-ibm-model-m.ogg","/twitpher/2013-05/2013-05-02-ibm-model-m.ogg"
"s","tinfig.com","70","/auDIO","hawaiian_name","/auDIO/hawaiian_name.wav"
"s","boomlin.de","70","/music","10000bc.xm","/music/10000bc.xm"
"s","boomlin.de","70","/music","asdf.mid","/music/asdf.mid"
"s","boomlin.de","70","/music","calltoarms.xm","/music/calltoarms.xm"
"s","boomlin.de","70","/music","datatrain.xm","/music/datatrain.xm"
"s","boomlin.de","70","/music","dubforth.mp3","/music/dubforth.mp3"
"s","boomlin.de","70","/music","hookah.mod","/music/hookah.mod"
"s","boomlin.de","70","/music","mongo.mid","/music/mongo.mid"
"s","boomlin.de","70","/music","paintekno.xm","/music/paintekno.xm"
"s","boomlin.de","70","/music","ryski.xm","/music/ryski.xm"
"s","boomlin.de","70","/music","spooky.xm","/music/spooky.xm"
"s","boomlin.de","70","/music","transdinosaurist.mp3","/music/transdinosaurist.mp3"
"s","boomlin.de","70","/music","vampyrlive1.xm","/music/vampyrlive1.xm"
"s","boomlin.de","70","/music","worship.xm","/music/worship.xm"
"s","boomlin.de","70","/stuff","technostrich.mp3","/stuff/technostrich.mp3"
"s","gopher.info-underground.net","70","/los"9","boomlin.de","70","/findings/dinosaurs_attack","Full archive (tar.gz)","/findings/dinosaurs_attack/.archive/dinosaurs_attack.tar.gz"
"s","gopher.info-underground.net","70","/lostnbronx/misc-crapola/lnbs-audio-diary/newer-stuff","2017-09-17-sun","/lostnbronx/misc-crapola/lnbs-audio-diary/newer-stuff/2017-09-17-sun.spx"
"s","gopher.info-underground.net","70","/lostnbronx/misc-crapola/lnbs-audio-diary/newer-stuff","2017-09-20-wed","/lostnbronx/misc"1","downloads.tuxfamily.org","70","","celerius","/celerius"
"s","gopher.info-underground.net","70","/lostnbronx/misc-crapola/lnbs-audio-diary/newer-stuff","2017-09-21-thu","/lostnbronx/misc-crapola/lnbs-audio-diary/newer-stuff/2017-09-21-thu.spx"
"s","gopher.info-underground.net","70","/lostnbronx/misc-crapola/lnbs-audio-diary/newer-stuff","2017-09-24-sun","/lostnbronx/misc-crapola/lnbs-audio-diary/newer-stuff/2017-09-24-sun.spx"
"s","boomlin.de","70","/music/crud","Module2.mod","/music/crud/Module2.mod"
"s","boomlin.de","70","/music/crud","acidhouse.mod","/music/crud/acidhouse.mod"
"s","boomlin.de","70","/music/crud","basswf.mod","/music/crud/basswf.mod"
"s","boomlin.de","70","/music/crud","dnb.mod","/music/crud/dnb.mod"
"s","boomlin.de","70","/music/crud","dnb2.mod","/music/crud/dnb2.mod"
"s","boomlin.de","70","/music/crud","dnb2345.mod","/music/crud/dnb2345.mod"
"s","boomlin.de","70","/music/crud","dnb3.mod","/music/crud/dnb3.mod"
"s","boomlin.de","70","/music/crud","dnbmof.mod","/music/crud/dnbmof.mod"
"s","boomlin.de","70","/music/crud","dvsdvsdv.mod","/music/crud/dvsdvsdv.mod"
"s","boomlin.de","70","/music/crud","electrobeat.mod","/music/crud/electrobeat.mod"
"s","boomlin.de","70","/music/crud","electronsdfg.mod","/music/crud/electronsdfg.mod"
"s","boomlin.de","70","/music/crud","fnuk.mod","/music/crud/fnuk.mod"
"s","i","i-logout.cz","70","/cz/svet/","AKTUALNI POCASI VE SVETE DNE 26.09. ve 00 UTC"
"s","boomlin.de","70","/music/crud","hardcore.mod","/music/crud/hardcore.mod"
"s","boomlin.de","70","/music/crud","industrial.mod","/music/crud/industrial.mod"
"s","boomlin.de","70","/music/crud","rave.mod","/music/crud/rave.mod"
"s","boomlin.de","70","/music/crud","sdgdsfgdfvfbhj.mod","/music/crud/sdgdsfgdfvfbhj.mod"
"s","boomlin.de","70","/music/crud","sdgsdfg.mod","/music/crud/sdgsdfg.mod"
"s","boomlin.de","70","/music/crud","sdgsdgjhlhjl.mod","/music/crud/sdgsdgjhlhjl.mod"
"s","boomlin.de","70","/music/crud","sfdgdfgdfg.mod","/music/crud/sfdgdfgdfg.mod"
"s","boomlin.de","70","/music/crud","softdnb.mod","/mus"i","glog.fosconetwork.org","70","/wall.sh","2010-03-26 17:03:28 < 91.15.232.64> Bronto was here"
"s","boomlin.de","70","/music/crud","vfgcxjfxcgjchv.mod","/music/crud/vfgcxjfxcgjchv.mod"
"s","gopher.semmel.ch","70","/midi","afterburner.mid","/midi/afterburner.mid"
"s","gopher.semmel.ch","70","/midi","aftwrxg.mid","/midi/aftwrxg.mid"
"s","gopher.semmel.ch","70","/midi","arkxg.mid","/midi/arkxg.mid"
"s","gopher.semmel.ch","70","/midi","arpegiator.mid","/"0","grex.org","70","/~papa/gopherml","201708090058-Re_ML_moderator_election          2017-Aug-13 08:19     4.4 KB","/~papa/gopherml/201708090058-Re_ML_moderator_election"
"s","gopher.semmel.ch","70","/midi","bbe.mid","/midi/bbe.mid"
"s","gopher.semmel.ch","70","/midi","benny.mid","/midi/benny.mid"
"s","gopher.semmel.ch"~kamalatta.ddnss.de
"s","gopher.semmel.ch","70","/midi","biker.mid","/midi/biker.mid"
"s","gopher.semmel.ch","70","/midi","bofyou.mid","/midi/bofyou.mid"
"s","gopher.semmel.ch","70","/midi","bombbgmf.mid","/midi/bombbgmf.mid"
"s","gopher.semmel.ch","70","/midi","bombjack.mid","/midi/bombjack.mid"
"s","gopher.semmel.ch","70","/midi","bombo.mid","/midi/bombo.mid"
"s","gopher.semmel.ch","70","/midi","bomboxg.mid","/midi/bomboxg.mid"
"s","gopher.semmel.ch",""1","sdf.org","70","/users/bradmac/","My Phlog","/users/bradmac/Log/"
"s","gopher.semmel.ch","70","/midi","bossdrum.mid","/midi/bossdrum.mid"
"s","gopher.semmel.ch","70","/midi","boulder.mid","/midi/boulder.mid"
"s","gopher.semmel.ch","7"0","gopher.quux.org","70","/Archives/usenet-a-news","Copyright and History","/Archives/usenet-a-news/copyright.txt"
"s","gopher.semmel.ch","70","/midi","breathe2.mid","/midi/breathe2.mid"
"s","gopher.semmel.ch","70","/midi","cfutr_xg.mid","/midi/cfutr_xg.mid"
"s","gopher.semmel.ch","70","/midi","ch_of_fire.mid","/midi/ch_of_fire.mid"
"s","gopher.semmel.ch","70","/midi","children.mid","/midi/children.mid"
"s","gopher.semmel.ch","70","/midi","cocacola.mid","/midi/cocacola.mid"
"s","gopher.semmel.ch","70","/midi","cocacola2.mid","/midi/cocacola2.mid"
"s","gopher.semmel.ch","70","/midi","commando.mid","/midi/commando.mid"
"s","gopher.semmel.ch","70","/midi","commxg.mid","/midi/commxg.mid"
"s","gopher.semmel.ch","70","/midi","cu.mid","/midi/cu.mid"
"s","gopher.semmel.ch","70","/midi","cultbeat.mid","/midi/cultbeat.mid"
"s","gopher.semmel.ch","70","/midi","cyber1.mid","/midi/cyber1.mid"
"s","gopher.semmel.ch","70","/midi","cyber2.mid","/midi/cyber2.mid"
"s","gopher.info-underground.net","70","/iu/01-FringeReligion","01-iu-FringeReligion","/iu/01-FringeReligion/01-iu-FringeReligion.spx"
"s","gopher.semmel.ch","70","/midi","cyber2xg.mid","/midi/cyber2xg.mid"
"s","gopher.semmel.ch","70","/midi","cyberxg.mid","/midi/cyberxg.mid"
"s","gopher.semmel.ch","70","/midi","d-flim2w.mid","/midi/d-flim2w.mid"
"s","gopher.semmel.ch","70","/midi","d-flim2y.mid","/midi/d-flim2y.mid"
"s","gopher.semm"i","gopher.teply.info","70","/","additions made in chronological order. Last Update: 27. March 2009"
"s","gopher.semmel.ch","70","/midi","ebeneezr.mid","/midi/ebeneezr.mid"
"s","gopher.semmel.ch","70","/midi","elitexg.mid","/midi/elitexg.mid"
"s","gopher.info-underground.net","70","/iu/02-Pwnership","02-iu-Pwnership","/iu/02-Pwnership/02-iu-Pwnership.spx"
"s","gopher.info-underground.net","70","/iu/03-Bollywood","03-iu-Bollywood","/iu/03-Bollywood/03-iu-Bollywood.spx"
"s","gopher.semmel.ch","70","/midi","fairxg.mid","/midi/fairxg.mid"
"s","gopher.semmel.ch","70","/midi","firexg.mid","/midi/firexg.mid"
"s","gopher.semmel.ch","70","/midi","forgotte.mid","/midi/forgotte.mid"
"s","gopher.semmel.ch","70","/midi","futuro.mid","/midi/futuro.mid"
"s","gopher.semmel.ch","70","/midi","germxg1.mid","/midi/germxg1.mid"
"s","gopher.semmel.ch","70","/midi","gg1xg.mid","/midi/gg1xg.mid"
"s","gopher.semmel.ch","70","/midi","ggtxg.mid","/midi/ggtxg.mid"
"s","gopher.semmel.ch","70","/midi","ghost.mid","/midi/ghost.mid"
"s","gopher.semmel.ch","70","/midi","giana.mid","/midi/giana.mid"
"s","gopher.semmel.ch","70","/midi","gobotsxg.mid","/midi/gobotsxg.mid"
"s","gopher.semmel.ch","70","/midi","hawkeye.mid","/midi/hawkeye.mid"
"s","gopher.semmel.c"1","redhill.net.nz","70","","FBI Advisor","/fbi/fbi_advisories/"
"s","gopher.info-underground.net","70","/iu/05-Identity","05-iu-identity","/iu/05-Identity/05-iu-identity.spx"
"sdf.org","70","/users/slugmax/","official 'phlogosphere' index page. If you start a gopher blog you"
"s","gopher.semmel.ch","70","/midi","heal.mid","/midi/heal.mid"
"s","gopher.semmel.ch","70","/midi","jarre6.mid","/midi/jarre6.mid"
"s","gopher.semmel.ch","70","/midi","jetxg.mid","/midi/jetxg.mid"
"s","gopher.info-underground.net","70","/iu/06-Trek","06-Trek-Underground","/iu/06-Trek/06-Trek-Underground.spx"
"s","gopher.semmel.ch","70","/midi","lampxg.mid","/midi/lampxg.mid"
"s","gopher.semmel.ch","70","/midi","lightfor.mid","/midi/lightfor.mid"
"s","gopher.semmel.ch","70","/midi","lightxg.mid","/midi/lightxg.mid"
"s","gopher.info-underground.net","70","/iu/07-ourOwnCloud","07-ourOwnCloud","/iu/07-ourOwnCloud/07-ourOwnCloud.spx"
"s","gopher.semmel.ch","70","/midi","lsi.mid","/midi/lsi.mid"
"s","gopher.info-underground.net","70","/lostnbronx/misc-crapola/lnbs-audio-diary/newer-stuff/","2017-09-13-wed","/lostnbronx/misc-crapola/lnbs-audio-diary/newer-stuff/2017-09-13-wed.spx"
"s","gopher.info-underground.net","70","/lostnbronx/misc-crapola/lnbs-audio-diary/newer-stuff/","2017-09-14-thu","/lostnbronx/misc-crapola/lnbs-audio-diary/newer-stuff/2017-09-14-thu.spx"
"s","gopher.info-underground.net","70","/lostnbronx/misc-crapola/lnbs-audio-diary/newer-stuff/","2017-09-17-sun","/lostnbronx/misc-crapola/lnbs-audio-diary/newer-stuff/2017-09-17-sun.spx"
"s","gopher.semmel.ch","70","/midi","macgyver.mid","/midi/macgyver.mid"
"s","gopher.semmel.ch","70","/midi","magnetic.mid","/midi/magnetic.mid"
"s","gopher.semmel.ch","70","/midi","magnetic2.mid","/midi/magnetic2.mid"
"s","gopher.semmel.ch","70","/midi","mastbxg.mid","/midi/mastbxg.mid"
"s","gopher.semmel.ch","70","/midi","megamix.mid","/midi/megamix.mid"
"s","gopher.semmel.ch","70","/midi","miamixg.mid","/midi/miamixg.mid"
"s","gopher.semmel.ch","70","/midi","misimpos.mid","/midi/misimpos.mid"
"s","gopher.semmel.ch","70","/midi","missing.mid","/midi/missing.mid"
"s","gopher.semmel.ch","70","/midi","mkombat.mid","/midi/mkombat.mid"
"s","gopher.info-underground.net","70","/lostnbronx/misc-crapola/lnbs-audio-diary/newer-stuff/","2017-09-20-wed","/lostnbronx/misc-crapola/lnbs-audio-diary/newer-stuff/2017-09-20-wed.spx"
"s","gopher.semmel.ch","70","/midi","momxg.mid","/midi/momxg.mid"
"s","gopher.semmel.ch","70","/midi","moncoxg.mid","/midi/moncoxg.mid"
"s","gopher.info-underground.net","70","/lostnbronx/misc-crapola/lnbs-audio-diary/newer-stuff/","2017-09-21-thu","/lostnbronx/misc-crapola/lnbs-audio-diary/newer-stuff/2017-09-21-thu.spx"
"s","gopher.semmel.ch","70","/midi","monhigh.mid","/midi/monhigh.mid"
"s","gopher.info-underground.net","70","/lostnbronx/miscet.net
"s","gopher.semmel.ch","70","/midi","monty.mid","/midi/monty.mid"
"s","gopher.semmel.ch","70","/midi","monxg.mid","/midi/monxg.mid"
"s","gopher.semmel.ch","70","/midi","mugsyawe.mid","/midi/mugsyawe.mid"
"s","gopher.semmel.ch","70","/midi","mugsyxg.mid","/midi/mugsyxg.mid"
"s","gopher.semmel.ch","70","/midi","nesxg.mid","/midi/nesxg.mid"
"s","gopher.semmel.ch","70","/midi","ninj2-2.mid","/midi/ninj2-2.mid"
"s","gopher.semmel.ch","70","/midi","ninj2-4.mid","/midi/ninj2-4.mid"
"s","gopher.semmel.ch","70","/midi","ninj"0","pongonova.org","70","/tier2_stats","66.244.95.20_network_traffic-20120102.txt","/tier2_stats/66.244.95.20_network_traffic-20120102.txt"
"s","gopher.semmel.ch","70","/midi","ninj2-6.mid","/midi/ninj2-6.mid"
"s","gopher.semmel.ch","70","/midi","ninj2-7.mid","/midi/ninj2-7.mid"
"s","gopher.semmel.ch","70","/midi","ninja.mid","/midi/ninja.mid"
"s","gopher.semmel.ch","70","/midi","ninja1.mid","/midi/ninja1.mid"
"s","gopher.semmel.ch","70","/midi","Ninja2-0.mid","/midi/Ninja2-0.mid"
"s","gopher.semmel.ch","70","/midi","ninja2.mid","/midi/ninja2.mid"
"s","gopher.semmel.ch","70","/midi","no_good.mid","/midi/no_good.mid"
"s","gopher.leveck.us","70","","Anaplasmatacea - Poisonous Treason - Infinity, Endless Delight","/music/Anaplasmataceae_-_Poisonous_Treason_-_05_Infinity,_Endless,_Delight.mp3"
"s","gopher.semmel.ch","70","/midi","oasis-champagnesupernova.mid","/midi/oasis-champagnesupernova.mid"
"s","gopher.semmel.ch","70","/midi","oasis-dontlookbackinanger.mid","/midi/oasis-dontlookbackinanger.mid"
"s","gopher.leveck.us","70","","Natanas - Men Whistle in the Trees - With Apologies","/music/Natanas_-_Men_Whistle_in_the_Trees_-_07_With_Apologies.mp3"
"s","gopher.semmel.ch","70","/midi","orinocoflow.mid","/midi/orinocoflow.mid"
"s","gopher.semmel.ch","70","/midi","oxygene4.mid","/midi/oxygene4.mid"
"s","gopher.semmel.ch","70","/midi","passport.mid","/midi/passport.mid"
"s","gopher.semmel.ch","70","/midi","phantxg.mid","/midi/phantxg.mid"
"s","gopher.semmel.ch","70","/midi","ramb4xg.mid","/midi/ramb4xg.mid"
"s","gopher.semmel.ch","70","/midi","rambxg.mid","/midi/rambxg.mid"
"s","gopher.semmel.ch","70","/midi","rastan.mid","/midi/rastan.mid"
"s","gopher.semmel.ch","70","/midi","rastxg.mid","/midi/rastxg.mid"
"s","gopher.semmel.ch","70","/midi","rmcxg.mid","/midi/rmcxg.mid"
"s","gopher.semmel.ch","70","/midi","roboz.mid","/midi/roboz.mid"
"s","gopher.semmel.ch","70","/midi","roller.mid","/midi/roller.mid"
"s","gopher.semmel.ch","70","/midi","sanxion.mid","/midi/sanxion.mid"
"s","gopher.semmel.ch","70","/midi","sh2xg.mid","/midi/sh2xg.mid"
"s","gopher.semmel.ch","70","/midi","sh3xg.mid","/midi/sh3xg.mid"
"s","gopher.semmel.ch","70","/midi","shadxg.mid","/midi/shadxg.mid"
"s","gopher.semmel.ch","70","/midi","smack_my.mid","/midi/smack_my.mid"
"s","gopher.semmel.ch","70","/midi","spellxg.mid","/midi/spellxg.mid"
"s","gopher.semmel.ch","70","/midi","startrekng.mid","/midi/startrekng.mid"
"s","gopher.semmel.ch","70","/midi","starwars.mid","/midi/starwars.mid"
"s","gopher.semmel.ch","70","/midi","summer_o.mid","/midi/summer_o.mid"
"s","gopher.semmel.ch","70","/midi","sunchyme.mid","/midi/sunchyme.mid"
"s","gopher.semmel.ch","70","/midi","superxg.mid","/midi/superxg.mid"
"s","gopher.semmel.ch","70","/midi","switzerland.mid","/midi/switzerland.mid"
"s","gopher.semmel.ch","70","/midi","tanzania.mid","/midi/tanzania.mid"
"s","gopher.semmel.ch","70","/midi","tinxg.mid","/midi/tinxg.mid"
"s","gopher.semmel.ch","70","/midi","Tinxg2.mid","/midi/Tinxg2.mid"
"s","gopher.semmel.ch","70","/midi","tlv8xg.mid","/midi/tlv8xg.mid"
"s","gopher.semmel.ch","70","/midi","Toas.mid","/midi/Toas.mid"
"s","gopher.semmel.ch","70","/midi","u2_notfound.mid","/midi/u2_notfound.mid"
"s","gopher.semmel.ch","70","/midi","u2_streets.mid","/midi/u2_streets.mid"
"s","gopher.semmel.ch","70","/midi","u2_without.mid","/midi/u2_without.mid"
"s","gopher.semmel.ch","70","/midi","untitled.mid","/midi/untitled.mid"
"s","gopher.semmel.ch","70","/midi","untitled2.mid","/midi/untitled2.mid"
"s","gopher.semmel.ch","70","/midi","usagixg.mid","/midi/usagixg.mid"
"s","gopher.semmel.ch","70","/midi","voyager.mid","/midi/voyager.mid"
"s","gopher.semmel.ch","70","/midi","walker.mid","/midi/walker.mid"
"s","gopher.semmel.ch","70","/midi","warhxg.mid","/midi/warhxg.mid"
"s","gopher.semmel.ch","70","/midi","wild1xg.mid","/midi/wild1xg.mid"
"s","gopher.semmel.ch","70","/midi","wiz5xg.mid","/midi/wiz5xg.mid"
"s","gopher.semmel.ch","70","/midi","wizardry.mid","/"i","goffer.dyn-o-saur.com","70","/","Back in the (really) old days before dawn of the web, gopher"
"s","gopher.semmel.ch","70","/midi","wizball5.mid","/midi/wizball5.mid"
"s","gopher.semmel.ch","70","/midi","wizdrxg.mid","/midi/wizdrxg.mid"
"s","gopher.semmel.ch","70","/midi","wizhxg.mid","/midi/wizhxg.mid"
"s","gopher.semmel.ch","70","/midi","X-files.mid","/midi/X-files.mid"
"s","gopher.semmel.ch","70","/midi","x_files.mid","/midi/x_files.mid"
"s","gopher.semmel.ch","70","/midi","zoidsxg.mid","/midi/zoidsxg.mid"
"s","gopher.leveck.us","70","/music","Anaplasmataceae_-_Poisonous_Treason_-_   2017-Sep-22 00:18     9.5 MB","/music/Anaplasmataceae_-_Poisonous_Treason_-_01_Suffering_in_the_Pit.mp3"
"s","gopher.leveck.us","70","/music","Anaplasmataceae_-_Poisonous_Treason_-_   2017-Sep-22 00:18    11.4 MB","/music/Anaplasmataceae_-_Poisonous_Treason_-_02_Poisonous_Treason.mp3"
"s","gopher.leveck.us","70","/music","Anaplasmataceae_-_Poisonous_Treason_-_   2017-Sep-22 00:18    14.0 MB","/music/Anaplasmataceae_-_Poisonous_Treason_-_04_Slit_This_Wrist,_Watch_Me_Rust.mp3"
"s","gopher.leveck.us","70","/music","Anaplasmataceae_-_Poisonous_Treason_-_   2017-Sep-22 00:19    11.0 MB","/music/Anaplasmataceae_-_Poisonous_Treason_-_05_Infinity,_Endless,_Delight.mp3"
"s","gopher.leveck.us","70","/music","Cimejes_-_Summoning_Warrior_Possession   2017-Sep-22 00:19     7.2 MB","/music/Cimejes_-_Summoning_Warrior_Possession_-_01_Sixty_Sixth_Am_I.mp3"
"s","gopher.leveck.us","70","/music","Cimejes_-_Summoning_Warrior_Possession   2017-Sep-22 00:19     4.5 MB","/music/Cimejes_-_Summoning_Warrior_Possession_-_02_A_Luciferian_Pact.mp3"
"s","gopher.leveck.us","70","/music","Cimejes_-_Summoning_Warrior_Possession   2017-Sep-22 00:19     6.3 MB","/music/Cimejes_-_Summoning_Warrior_Possession_-_03_Demons_Guide_By_Night.mp3"
"s","gopher.leveck.us","70","/music","Cimejes_-_Summoning_Warrior_Possession   2017-Sep-22 00:19     6.5 MB","/music/Cimejes_-_Summoning_Warrior_Possession_-_04_Summoning_Warrior_Possession.mp3"
"s","gopher.leveck.us","70","/music","Cimejes_-_Summoning_Warrior_Possession   2017-Sep-22 00:19     9.5 MB","/music/Cimejes_-_Summoning_Warrior_Possession_-_05_The_Mirror#047s_Voice_Smells_of_Sulfer.mp3"
"sdf.org","70","/users/amox/",""
"s","gopher.leveck.us","70","/music","Cimejes_-_Summoning_Warrior_Possession   2017-Sep-22 00:19     7.4 MB","/music/Cimejes_-_Summoning_Warrior_Possession_-_06_Darkness_Infests.mp3"
"s","gopher.leveck.us","70","/music","Natanas_-_Men_Whistle_in_the_Trees_-_0   2017-Sep-22 00:19     3.7 MB","/music/Natanas_-_Men_Whistle_in_the_Trees_-_01_Dregs_of_the_Barrel,_Eat_#050intro#051.mp3"
"s","gopher.leveck.us","70","/music","Natanas_-_Men_Whistle_in_the_Trees_-_0   2"1","gopher.hennesy.org","70","/archive/ftp/slackbuilds/12.2","desktop","/archive/ftp/slackbuilds/12.2/desktop"
"s","gopher.leveck.us","70","/music","Natanas_-_Men_Whistle_in_the_Trees_-_0   2017-Sep-22 00:19    13.6 MB","/music/Natanas_-_Men_Whistle_in_the_Trees_-_03_Dylan#047s_Lament.mp3"
"s","gopher.leveck.us","70","/music","Natanas_-_Men_Whistle_in_the_Trees_-_0   2017-Sep-22 00:19    15.5 MB","/music/Natanas_-_Men_Whistle_in_the_Trees_-_05_Internal_Universe.mp3"
"s","gopher.leveck.us","70","/music","Natanas_-_Men_Whistle_in_the_Trees_-_0   2017-Sep-22 00:19    12.2 MB","/music/Natanas_-_Men_Whistle_in_the_Trees_-_07_With_Apologies.mp3"
"s","gopher.info-underground.net","70","/lostnbronx/palaver/011-minotaur","Listen in ogg!","/lostnbronx/palaver/011-minotaur/palaver-011-minotaur.ogg"
"s","gopher.info-underground.net","70","/lostnbronx/palaver/011-minotaur","Listen in speex!","/lostnbronx/palaver/011-minotaur/palaver-011-minotaur.speex"
"s","rpod.leveck.us","70","","Anaplasmatacea - Poisonous Treason - Infinity, Endless Delight","/music/Anaplasmataceae_-_Poisonous_Treason_-_05_Infinity,_Endless,_Delight.mp3"
"s","rpod.leveck.us","70","","Natanas - Men Whistle in the Trees - With Apologies","/music/Natanas_-_Men_Whistle_in_the_Trees_-_07_With_Apologies.mp3"
"s","gopher.info-underground.net","70","/lostnbronx/palaver/010-smoke-and-mirrors","palaver-010-smoke-ogg","/lostnbronx/palaver/010-smoke-and-mirrors/palaver-010-smoke-ogg.ogg"
"s","gopher.info-underground.net","70","/lostnbronx/palaver/010-smoke-and-mirrors","palaver-010-smoke-speex","/lostnbronx/palaver/010-smoke-and-mirrors/palaver-010-smoke-speex.spx"
"s","gopher.info-underground.net","70","/lostnbronx/palaver/009-thinner","palaver-009-thinner-ogg","/lostnbronx/palaver/009-thinner/palaver-009-thinner-ogg.ogg"
"s","gopher.info-underground.net","70","/lostnbronx/palaver/009-thinner","palaver-009-thinner-speex","/lostnbronx/palaver/009-thinner/palaver-009-thinner-speex.spx"
"s","gopher.info-underground.net","70","/lostnbronx/palaver/008-age","palaver-008-age-ogg","/lostnbronx/palaver/008-age/palaver-008-age-ogg.ogg"
"s","gopher.info-underground.net","70","/lostnbronx/palaver/008-age","palaver-008-age-speex","/lostnbronx/palaver/008-age/palaver-008-age-speex.spx"
"s","gopher.info-underground.net","70","/lostnbronx/palaver/007-stereo","palaver-007-stereo-ogg","/lostnbronx/palaver/007-stereo/palaver-007-stereo-ogg.ogg"
"s","gopher.info-underground.net","70","/lostnbronx/palaver/00/posts","Diets and Losers","/phlog/posts/post207.txt"
"s","gopher.info-underground.net","70","/lostnbronx/palaver/006-sedona-part2","palaver-006-sedona-part2-speex","/lostnbronx/palaver/006-sedona-part2/palaver-006-sedona-part2-speex.spx"
"sdf.org","70","/users/rbigelo/","REL 4032 Religion, Gender, and Society","/users/rbigelo/rel4032.txt"
"s","gopher.info-underground.net","70","/lostnbronx/palaver/005-sedona","palaver-005-sedona-part1-ogg","/lostnbronx/palaver/005-sedona/palaver-005-sedona-part1-ogg.ogg"
"s","gopher.info-underground.net","70","/lostnbronx/palaver/004-update","palaver-004-update-ogg","/lostnbronx/palaver/004-update/palaver-004-update-ogg.ogg"
"s","gopher.info-under"i","happymacs.ddns.net","70","/Vintage-Mac-Software-Archive","                                                                         Gophered by Gophernicus/1.7 on MacOSX/10.4 Power Macintosh"
"s","gopher.info-underground.net","70""i","telefisk.org","70","/poc","2013"
"s","gopher.info-underground.net","70","/lostnbronx/palaver/003-social-ineptworking","palaver-003-social-ineptworking-speex","/lostnbronx/palaver/003-social-ineptworking/palaver-003-social-ineptworking-speex.spx"
"s","gopher.info-underground.net","70","/lostnbronx/palaver/002-skeeters","palaver-002-skeeters-ogg","/lostnbronx/palaver/002-skeeters/palaver-002-skeeters-ogg.ogg"
"s","gopher.info-underground.net","70","/lostnbronx/palaver/002-skeeters","palaver-002-skeeters-speex","/lostnbronx/palaver/002-skeeters/palaver-002-skeeters-speex.spx"
"s","maistre.uni.cx","70","/Texts/Julius_Evola","TS_20100413","/Texts/Julius_Evola/TS_20100413.mp3"
"s","maistre.uni.cx","70","/Texts/Julius_Evola","TS_20100420","/Texts/Julius_Evola/TS_20100420.mp3"
"s","gopher.semmel.ch","70","/mp3","Blablabor-Ungefaehre.mp3","/mp3/Blablabor-Ungefaehre.mp3"
"s","gopher.semmel.ch","70","/mp3","Bula_Matari-Taxi_Drivers.mp3","/mp3/Bula_Matari-Taxi_Drivers.mp3"
"s","gopher.meulie.net","70","/textfiles/","6502.mp3                                                               2016-Apr-11 15:24     2.1 MB","/textfiles/6502.mp3"
"s","kichimi.uk","70","/audio/books","06_Cantina_Band.mp3                      2016-Feb-29 22:47     3.3 MB","/audio/books/06_Cantina_Band.mp3"
"s","kichimi.uk","70","/audio/books","09_Muppet_Medley.mp3                     2016-Feb-29 22:47     5.4 MB","/audio/books/09_Muppet_Medley.mp3"
"s","kichimi.uk","70","/audio/books","Captain Beaky and His Band.mp3           2016-Feb-29 22:47   648.7 KB","/audio/books/Captain#040Beaky#040and#040His#040Band.mp3"
"s","kichimi.uk","70","/audio/books","Dirty.mp3                                2016-Feb-29 22:48     1.6 MB","/audio/books/Dirty.mp3"
"s","kichimi.uk","70","/audio/books","EoinColfer-AndAnotherThing_MP3WRAP.mp3   2016-Feb-29 22:49   294.9 MB","/audio/books/EoinColf"0","ymodem.org","70","/crummysocks/page8"," 50 Games","/crummysocks/posts/post212.txt"
"s","kichimi.uk","70","/audio/books","The Lovely Bones.mp3                     2016-Feb-29 22:49   560.5 MB","/audio/books/The#040Lovely#040Bones.mp3"
"s/","BunkBusters_6-09_22050samp.mp3","/BunkBusters/BunkBusters_6-09_22050samp.mp3"
