"5","gophernicus.org","70","/software/gophernicus/","gophernicus-2.5.tar.gz                         2017-Jun-25 01:02    50.5 KB","/software/gophernicus/gophernicus-2.5.tar.gz"
"5","gophernicus.org","70","/software/gophernicus/obsolete/","gophernicus-0.4.tar.gz                         2010-Mar-29 14:33    21.4 KB","/software/gophernicus/obsolete/gophernicus-0.4.tar.gz"
"5","gophernicus.org","70","/software/gophernicus/obsolete/","gophernicus-0.5.tar.gz                         2010-Apr-05 19:28    23.5 KB","/software/gophernicus/obsolete/gophernicus-0.5.tar.gz"
"5","gophernicus.org","70","/software/gophernicus/obsolete/","gophernicus-0.6.tar.gz                         2010-Apr-11 21:11    28.1 KB","/software/gophernicus/obsolete/gophernicus-0.6.tar.gz"
"5","gophernicus.org","70","/software/gophernicus/obsolete/","gophernicus-0.7.tar.gz                         2010-Apr-13 20:38    31.4 KB","/software/gophernicus/obsolete/gophernicus-0.7.tar.gz"
"5","gophernicus.org","70","/software/gophernicus/obsolete/","gophernicus-0.8.tar.gz                         2010-Apr-30 11:20    31.8 KB","/software/gophernicus/obsolete/gophernicus-0.8.tar.gz"
"5","gophernicus.org","70","/software/gophernicus/obsolete/","gophernicus-1.0.tar.gz                         2010-Oct-05 11:46    40.9 KB","/software/gophernicus/obsolete/gophernicus-1.0.tar.gz"
"5","gophernicus.org","70","/software/gophernicus/obsolete/","gophernicus-1.1.tar.gz                         2010-Dec-01 11:13    42.4 KB","/software/gophernicus/obsolete/gophernicus-1.1.tar.gz"
"5","gophernicus.org","70","/software/gophernicus/obsolete/","gophernicus-1.2.tar.gz                         2012-May-04 22:13    42.8 KB","/software/gophernicus/obsolete/gophernicus-1.2.tar.gz"
"5","gophernicus.org","70","/software/gophernicus/obsolete/", MetaFilter","Keep CDs or not?","/Ask MetaFilter/Keep-CDs-or-not.html"
"5","gophernicus.org","70","/software/gophernicus/obsolete/","gophernicus-1.4.tar.gz                         2012-Dec-02 11:26    44.7 KB","/software/gophernicus/obsolete/gophernicus-1.4.tar.gz"
"5","gophernicus.org","70","/software/gophernicus/obsolete/","gophernicus-1.5.tar.gz                         2014-Jan-25 15:10    45.3 KB","/software/gophernicus/obsolete/gophernicus-1.5.tar.gz"
"5","gophernicus.org","70","/software/gophernicus/obsolete/","gophernicus-1.6.tar.gz                         2014-Nov-10 11:29    45.6 KB","/software/gophernicus/obsolete/gophernicus-1.6.tar.gz"
"5","gophernicus.org","70","/software/gophernicus/obsolete/","gophernicus-1.7.tar.gz                         2015-Mar-02 08:56    46.1 KB","/software/gophernicus/obsolete/gophernicus-1.7.tar.gz"
"5","gophernicus.org","70","/software/gophernicus/obsolete/","gophernicus-1.8.1.tar.gz                       2015-Oct-16 13:24    94.8 KB","/software/gophernicus/obsolete/gophernicus-1.8.1.tar.gz"
"5","gophernicus.org","70","/software/gophernicus/obsolete/","gophernicus-1.8.tar.gz                         2015-Sep-23 19:05    45.8 KB","/software/gophernicus/obsolete/gophernicus-1.8.tar.gz"
"5","gophernicus.org","70","/software/gophernicus/obsolete/","gophernicus-2.0.tar.gz                         2016-Sep-08 17:07    48.3 KB","/software/gophernicus/obsolete/gophernicus-2.0.tar.gz"
"5","gophernicus.org","70","/software/gophernicus/obsolete/","gophernicus-2.1.tar.gz                         2016-Nov-14 08:33    48.6 KB","/software/gophernicus/obsolete/gophernicus-2.1.tar.gz"
"5","gophernicus.org","70","/software/gophernicus/obsolete/","gophernicus-2.2.tar.gz                         2017-Feb-03 23:43    48.8 KB","/software/gophe"h","gopher.metafilter.com","70","/Ask MetaFilter","Your favorite fudge recipes, please?","/Ask MetaFilter/Your-favorite-fudge-recipes-please.html"
"5","gophernicus.org","70","/software/gophernicus/obsolete/","gophernicus-2.3.tar.gz                         2017-Feb-03 23:42    49.7 KB","/software/gophernicus/obsolete/gophernicus-2.3.tar.gz"
"5","gophernicus.org","70","/software/gophernicus/obsolete/","gophernicus-2.4.tar.gz                         2017-Jun-16 08:49    50.2 KB","/software/gophernicus/obsolete/gophernicus-2.4.tar.gz"
"5","gophernicus.org","70","/software/gophernicus/obsolete/","kgopherd-0.2.tar.gz                            2010-Jan-02 21:37    51.9 KB","/software/gophernicus/obsolete/kgopherd-0.2.tar.gz"
"5","gophernicus.org","70","/software/gophernicus/obsolete/","kgopherd-0.3.tar.gz                            2010-Jan-07 15:12    67.8 KB","/software/gophernicus/obsolete/kgopherd-0.3.tar.gz"
"5","gophernicus.org","70","/software/gopher/clients/","umn-gopher-3.0.3-buildfixed.tar.gz             2010-Apr-19 08:38   511.7 KB","/software/gopher/clients/umn-gopher-3.0.3-buildfixed.tar.gz"
"5","gophernicus.org","70","/software/gopher/servers/","Geomyidae-0.13.tgz                             2010-Apr-16 00:10    11.2 KB","/software/gopher/servers/Geomyidae-0.13.tgz"
"5","gophernicus.org","70","/software/gopher/servers/","Gopher Cannon v1.05.zip                        2010-Apr-19 08:49    81.9 KB","/software/gopher/servers/Gopher#040Cannon#040v1.05.zip"
"5","gophernicus.org","70","/software/gopher/servers/","aftershock-1.01.tar.gz                         2004-Apr-23 07:03    81.3 KB","/software/gopher/servers/aftershock-1.01.tar.gz"
"5","gophernicus.org","70","/software/gopher/servers/","bucktooth-0.2.7.tar.gz                         2010-Apr-19 08:34    37.9 KB","/software/gopher/servers/bucktooth-0.2.7.tar.gz"
"5","gophernicus.org","70","/software/gopher/servers/","gn-225-dev-20020226.tar.gz                     2010-Apr-19 08:49   179.8 KB","/software/gopher/servers/gn-225-dev-20020226.tar.gz"
"5","gophernicus.org","70","/software/gopher/servers/","gofish-1.1.tar.gz                              2010-Apr-19 08:49   210.9 KB","/software/gopher/servers/gofish-1.1.tar."h","gopher.metafilter.com","70","/FanFare","Veronica Mars: Pilot (Rewatch) - Season 1, Episode 1","/FanFare/Veronica-Mars-Pilot-Rewatch.html"
"5","gophernicus.org","70","/software/gopher/servers/","gophserv.zip                                   2010-Apr-19 08:49    16.7 KB","/software/gopher/servers/gophserv.zip"
"5","gophernicus.org","70","/software/gopher/servers/","goscher-source-0.4.2.tar.gz                    2010-Apr-19 08:49     6.8 KB","/software/gopher/servers/goscher-source-0.4.2.tar.gz"
"5","gophernicus.org","70","/software/gopher/servers/","grumpy020src.zip     "i","gopher.floodgap.com","70","/gopher/clients"," "
"5","gophernicus.org","70","/software/gopher/servers/","mgod-1.0.tar.gz                                2010-Apr-16 00:10    25.3 KB","/software/gopher/servers/mgod-1.0.tar.gz"
"5","gophernicus.org","70","/software/gopher/servers/","pygopherd_2.0.16.tar.gz                        2010-Apr-16 21:12   249.5 KB","/software/gopher/servers/pygopherd_2.0.16.tar.gz"
"5","gophernicus.org","70","/software/gopher/servers/","rsayers-GopherBlock-801c242.tar.gz             2010-Apr-19 08:42     3.2 KB","/software/gopher/servers/rsayers-GopherBlock-801c242.tar.gz"
"5","gophernicus.org","70","/software/gopher/servers/","sbbs_src.tgz                                   2010-Apr-19 09:04     4.9 MB","/software/gopher/servers/sbbs_src.tgz"
"5","gophernicus.org","70","/software/gopher/servers/","umn-gopher-3.0.3-buildfixed.tar.gz             2010-Apr-19 08:38   511.7 KB","/software/gopher/servers/umn-gopher-3.0.3-buildfixed.tar.gz"
"5","redowl.ca","70","/docs/","README.gz                                2014-Feb-20 05:37     3.8 KB","/docs/README.gz"
"5","redowl.ca","70","/docs/","changelog.Debian.gz                      2015-Mar-02 01:52     0.5 KB","/docs/changelog.Debian.gz"
"5","redowl.ca","70","/docs/","changelog.gz                             2015-Mar-02 01:56     4.5 KB","/docs/changelog.gz"
"5","susowa.homeftp.net","70","/download/CPM Software","utools13.zip","/download/CPM Software/utools13.zip"
"5","susowa.homeftp.net","70","/download/CPM Software","utools14.zip","/download/CPM Software/utools14.zip"
"5","susowa.homeftp.net","70","/download/CPM Software","utools15.zip","/download/CPM Software/utools15.zip"
"5","susowa.homeftp.net","70","/download/Diskettenarchive","klemm.zip","/download/Diskettenarchive/klemm.zip"
"5","susowa.homeftp.net","70","/download/EPROM Daten","caos46.zip","/download/EPROM Daten/caos46.zip"
"5","susowa.homeftp.net","70","/download/EPROM Daten","caos47.zip","/download/EPROM Daten/caos47.zip"
"5","susowa.homeftp.net","70","/download/EPROM Daten","m030-rom.zip","/download/EPROM Daten/m030-rom.zip"
"5","susowa.homeftp.net","70","/download/EPROM Daten","m030_software_1.6.zip","/download/EPROM Daten/m030_software_1.6.zip"
"5","susowa.homeftp.net","70","/download/PC Software","kc_senden.zip","/download/PC Software/kc_senden.zip"
"5","susowa.homeftp.net","70","/download/PC Software","mtools14_msdos.zip","/download/PC Software/mtools14_msdos.zip"
"5","susowa.homeftp.net","70","/download/PC Software","wt141_d1.zip","/download/PC Software/wt141_d1.zip"
"5","susowa.homeftp.net","70","/download/PC Software","wt141_d2.zip","/download/PC Software/wt141_d2.zip"
"5","susowa.homeftp.net","70","/download/PC Software","wtools1.4.1.zip","/download/PC Software/wtools1.4.1.zip"
"5","susowa.homeftp.net","70","/download/PC Software","z80mu52b.zip","/download/PC Software/z80mu52b.zip"
"5","susowa.homeftp.net","70","/download/Programmiersprachen","kc-pascal.zip","/download/Programmiersprachen/kc-pascal.zip"
"5","dawoodfall.net","70","/soma","soma.tar.gz                              2016-Feb-26 13:36   204.4 KB","/soma/soma.tar.gz"
"5","susowa.homeftp.net","70","/download/CAOS Software/Grafik","diashw11.zip","/download/CAOS Software/Grafik/diashw11.zip"
"5","ygrex.ru","70","/debian/notion/","Archive with debian package metainfo and building scripts","/debian/notion/notion-pkg.tar.xz"
"5","susowa.homeftp.net","70","/download/CAOS Software/Kommunikation","m061_3fach_ea_lcd.zip","/download/CAOS Software/Kommunikation/m061_3fach_ea_lcd.zip"
"5","gopher.hennesy.org","70","/archive/ftp/atari","myutil.zip","/archive/ftp/atari/myutil.zip"
"5","gopher.hennesy.org","70","/archive/ftp/atari","pcxf380.zip","/archive/ftp/atari/pcxf380.zip"
"5","karel.tt.ee","70","","Motorola-sch.zip","/Motorola-sch.zip"
"5","gopher.hennesy.org","70","/archive/ftp/calmira","cal3101p.zip","/archive/ftp/calmira/cal3101p.zip"
"5","gopher.hennesy.org","70","/archive/ftp/calmira","ctl3d.zip","/archive/ftp/calmira/ctl3d.zip"
"5","ygrex.ru","70","/debian/uscoga/","Tarball","/debian/uscoga/uscoga.tar.bz2"
"5","gopher.hennesy.org","70","/archive/ftp/calmira","fu_rd19.zip","/ar9.2017 12.00 SELC"
"5","gopher.hennesy.org","70","/archive/ftp/calmira","update.zip","/archive/ftp/calmira/update.zip"
"5","gopher.karel.tt.ee","70","","Motorola-sch.zip","/Motorola-sch.zip"
"5","ygrex.ru","70","/debian/bluez/","Core V2.1 + EDR.pdf","/debian/bluez/Core V2.1 + EDR.pdf"
"5","susowa.homeftp.net","70","/download/CAOS Software/Musik und Demos","m066_software_demo_basics.zip","/download/CAOS Software/Musik und Demos/m066_software_demo_basics.zip"
"5","karel.tt.ee","70","","ct145.zip","/ct145.zip"
"5","gopher.floodgap.com","70","/overbite/files","OverbiteAndroid02src.zip","/overbite/files/OverbiteAndroid02src.zip"
"5","susowa.homeftp.net","70","/download/CAOS Software/Musik und Demos","mds-wpx_final.zip","/download/CAOS Software/Musik und Demos/mds-wpx_final.zip"
"5","gopher.rp.spb.su","70","/zalo/fonts","acado.zip","/zalo/fonts/acado.zip"
"5","gopher.rp.spb.su","70","/zalo/fonts","acadon.zip","/zalo/fonts/acadon.zip"
"5","karel.tt.ee","70","","gm350-schem.zip","/gm350-schem.zip"
"5","gopher.rp.spb.su","70","/zalo/fonts","nstaon.zip","/zalo/fonts/nstaon.zip"
"5","gopher.rp.spb.su","70","/zalo/fonts","nstau.zip","/zalo/fonts/nstau.zip"
"5","karel.tt.ee","70","","man_ct145djvu.zip","/man_ct145djvu.zip"
"5","susowa.homeftp.net","70","/download/CAOS Software/Spiele","jungle21.zip","/download/CAOS Software/Spiele/jungle21.zip"
"5","dawoodfall.net","70","/mkslack","mkslack-5.1.tar.gz                       2016-Aug-01 20:25     9.6 KB","/mkslack/mkslack-5.1.tar.gz"
"5","gopher.floodgap.com","70","/gopher/clients/win","hgopher2_3.zip","/gopher/clients/win/hgopher2_3.zip"
"5","susowa.homeftp.net","70","/download/CAOS Software/System","basrun.zip","/download/CAOS Software/System/basrun.zip"
"5","susowa.homeftp.net","70","/download/CAOS Software/System","caos22.zip","/download/CAOS Software/System/caos22.zip"
"5","karel.tt.ee","70","","pcb_gm350.zip","/pcb_gm350.zip"
"5","dawoodfall.net","70","/mkslack","mkslack.tar.gz                           2016-Aug-01 20:25   543.0 KB","/mkslack/mkslack.tar.gz"
"5","susowa.homeftp.net","70","/download/CAOS Software/System","caos31.zip","/download/CAOS Software/System/caos31.zip"
"5","karel.tt.ee","70","","sch_gm350.zip","/sch_gm350.zip"
"5","karel.tt.ee","70","","sch_vx-400.zip","/sch_vx-400.zip"
"5","karel.tt.ee","70","","sh_vx300.zip","/sh_vx300.zip"
"5","gopher.karel.tt.ee","70","","ct145.zip","/ct145.zip"
"5","susowa.homeftp.net","70","/download/CAOS Software/System","caos41.zip","/download/CAOS Software/System/caos41.zip"
"5","susowa.homeftp.net","70","/download/CAOS Software/System","caos42.zip","/download/CAOS Software/System/caos42.zip"
"5","susowa.homeftp.net","70","/download/CAOS Software/System","caos43.zip","/download/CAOS Software/System/caos43.zip"
"5","susowa.homeftp.net","70","/download/CAOS Software/System","caos44.zip","/download/CAOS Software/System/caos44.zip"
"5","gopher.karel.tt.ee","70","","gm350-schem.zip","/gm350-schem.zip"
"5","gopher.karel.tt.ee","70","","man_ct145djvu.zip","/man_ct145djvu.zip"
"5","gopher.karel.tt.ee","70","","pcb_gm350.zip","/pcb_gm350.zip"
"5","gopher.karel.tt.ee","70","","sch_vx-400.zip","/sch_vx-400.zip"
"5","gopher.karel.tt.ee","70","","sh_vx300.zip","/sh_vx300.zip"
"5","susowa.homeftp.net","70","/download/CAOS Software/System","hc901.zip","/download/CAOS Software/System/hc901.zip"
"5","susowa.homeftp.net","70","/download/CAOS Software/System","hcbasic.zip","/download/CAOS Software/System/hcbasic.zip"
"5","susowa.homeftp.net","70","/download/CAOS Software/Technik","i2c_m051_demo.zip","/download/CAOS Software/Technik/i2c_m051_demo.zip"
"5","susowa.homeftp.net","70","/download/CAOS Software/Technik","i2test.zip","/download/CAOS Software/Technik/i2test.zip"
"5","susowa.homeftp.net","70","/download/CPM Software/ML-DOS","dep33.zip","/download/CPM Software/ML-DOS/dep33.zip"
"5","susowa.homeftp.net","70","/download/CPM Software/ML-DOS","uhrkc.zip","/download/CPM Software/ML-DOS/uhrkc.zip"
"5","susowa.homeftp.net","70","/download/EPROM Daten/Tools","eepsdp3.zip","/download/EPROM Daten/Tools/eepsdp3.zip"
"5","susowa.homeftp.net","70","/download/Elektronische Daten/KCNet englisch","k1520net-slpstl.zip","/download/Elektronische Daten/KCNet englisch/k1520net-slpstl.zip"
"5","susowa.homeftp.net","70","/download/Elektronische Daten/KCNet englisch","m052-slpstl.zip","/download/Elektronische Daten/KCNet englisch/m052-slpstl.zip"
"5","susowa.homeftp.net","70","/download/Elektronische Daten/Videos und Demos","kcnet_v1.2_testvideos_caos.zip","/download/Elektronische Daten/Videos und Demos/kcnet_v1.2_testvideos_caos.zip"
"5","susowa.homeftp.net","70","/download/Elektronische Daten/Videos und Demos","kcnet_v1.2_testvideos_cpm.zip","/download/Elektronische Daten/Videos und Demos/kcnet_v1.2_testvideos_cpm.zip"
"5","xepb.org","70","/mirrors/DrDobbs_Z80_ToolBook/","z80toolbook.zip                                2010-Mar-09 02:50   377.0 KB","/mirrors/DrDobbs_Z80_ToolBook/z80toolbook.zip"
"5","telefisk.org","70","/gopher","UMN_gopher-3.0.5.diff.gz","/gopher/UMN_gopher-3.0.5.diff.gz"
"5","telefisk.org","70","/gopher","gophernicus-1.0-telefisk.diff.gz","/gopher/gophernicus-1.0-telefisk.diff.gz"
"5","telefisk.org","70","/gopher","gophernicus-1.1-telefisk.diff.gz","/gopher/gophernicus-1.1-telefisk.diff.gz"
"5","telefisk.org","70","/gopher","gophernicus-1.2-telefisk-steammole.diff.gz","/gopher/gophernicus-1.2-telefisk-steammole.diff.gz"
"5","telefisk.org","70","/gopher","gophernicus-1.2-telefisk.diff.gz","/gopher/gophernicus-1.2-tele,"happymacs.ddns.net","70","","  |  |     NNNNNNNN      |  |                  \  -- "
"5","telefisk.org","70","/gopher","gophernicus-1.2.1-telefisk-steammole.diff.gz","/gopher/gophernicus-1.2.1-telefisk-steammole.diff.gz"
"5","telefisk.org","70","/gopher","gophernicus-1.3-telefisk-steammole.diff","sdf.org","70","/users/amox/",""
"5","telefisk.org","70","/gopher","gophernicus-1.3.1-telefisk-steammole.diff.gz","/gopher/gophernicus-1.3.1-telefisk-steammole.diff.gz"
"5","telefisk.org","70","/gopher","gophernicus-1.3.2-telefisk-steammole.diff.gz","/gopher/gophernicus-1.3.2-telefisk-steammole.diff.gz"
"5","telefisk.org","70","/gopher","gophernicus-1.4-telefisk-steammole.diff.gz","/gopher/gophernicus-1.4-telefisk-steammole.diff.gz"
"5","telefisk.org","70","/gopher","gophernicus-1.4.1-telefisk-steammole.diff.gz","/gopher/gophernicus-1.4.1-telefisk-steammole.diff.gz"
"5","telefisk.org","70","/gopher","gophernicus-1.5-telefisk.diff.gz","/gopher/gophernicus-1.5-telefisk.diff.gz"
"5","telefisk.org","70","/gopher","gophernicus-1.6-telefisk.diff.gz","/gopher/gophernicus-1.6-telefisk.diff.gz"
"5","telefisk.org","70","/gopher","gophernicus-1.6.1-telefisk.diff.gz","/gopher/gophernicus-1.6.1-telefisk.diff.gz"
"5","telefisk.org","70","/gopher","gophernicus-1.8-telefisk.diff.gz","/gopher/gophernicus-1.8-telefisk.diff.gz"
"5","telefisk.org","70","/gopher","gophernicus-server-0.9-telefisk.diff.gz","/gopher/gophernicus-server-0.9-telefisk.diff.gz"
"5","telefisk.org","70","/gopher","gophernicus-server-0.9.tar.gz","/gopher/gophernicus-server-0.9.tar.gz"
"5","telefisk.org","70","/gopher","xchat_gopher.diff.gz","/gopher/xchat_gopher.diff.gz"
"5","telefisk.org","70","/delag","regina34w32.exe.gz","/delag/regina34w32.exe.gz"
"5","telefisk.org","70","/delag","regutil126.zip","/delag/regutil126.zip"
"5","telefisk.org","70","/coherent","all_of_coherent_single_download.tar.gz","/coherent/all_of_coherent_single_download.tar.gz"
"5","telefisk.org","70","/coherent","ls-lR.Z","/coherent/ls-lR.Z"
"5","telefisk.org","70","/elks","elks-0.1.3.tar.gz","/elks/elks-0.1.3.tar.gz"
"5","telefisk.org","70","/elks","elkscmd-20031014.tar","/elks"i","hngopher.com","70","/live/items/15335010","        That is until you find an obscure enough example that uses"
"5","telefisk.org","70","/elks","elksnet-0.1.3.tar","/elks/elksnet-0.1.3.tar"
"5","telefisk.org","70","/elks","images-0.1.0.zip","/elks/images-0.1.0.zip"
"5","telefisk.org","70","/elks","st-0.2.tar.gz","/elks/st-0.2.tar.gz"
"5","telefisk.org","70","/text","ud paa internettet.pdf","/text/ud_paa_internettet.pdf"
"5","gopher.meulie.net","70","/jugtail/","jugtail-1.0.5.tar.gz                                                   2012-May-16 15:57   201.9 KB","/jugtail/jugtail-1.0.5.tar.gz"
"5","gopher.meulie.net","70","/jugtail/","jugtail-1.0.6.tar.gz                                                   2012-May-16 15:57   205.0 KB","/jugtail/jugtail-1.0.6.tar.gz"
"5","rohan.helluin.org","70","/sgi/software/","812-0786-006_HIPPI_4.0.zip               2012-Jul-13 13:55     3.3 MB","/sgi/software/812-0786-006_HIPPI_4.0.zip"
"5","rohan.helluin.org","70","/sgi/software/","Irix_Octane_Demos.tar.bz2                2012-Jul-13 13:55   529.1 MB","/sgi/software/Irix_Octane_Demos.tar.bz2"
"5","rohan.helluin.org","70","/sgi/software/","MIPSpro_7.3.1.3m.tar.gz                  2012-Jul-13 13:56   172.9 MB","/sgi/software/MIPSpro_7.3.1.3m.tar.gz"
"5","rohan.helluin.org","70","/sgi/software/","ProDev_2.6.1.zip                         2012-Aug-04 22:16   107.6 MB","/sgi/software/ProDev_2.6.1.zip"
"5","rohan.helluin.org","70","/sgi/software/","WorkShop_2.9.1.tar.gz                    2012-Jul-13 13:57    74.8 MB","/sgi/software/WorkShop_2.9.1.tar.gz"
"5","telefisk.org","70","/Dos","conex7.1","/Dos/conex71.zip"
"5","telefisk.org","70","/Dos","conex7.5","/Dos/conex75.zip"
"5","rohan.helluin.org","70","/sgi/software/","cosmo_6.5.tar.bz2                        2012-Jul-13 13:57   284.3 KB","/sgi/software/cosmo_6.5.tar.bz2"
"5","rohan.helluin.org","70","/sgi/software/","dbx_7.3.3.tar.gz                         2012-Jul-13 13:57     3.6 MB","/sgi/software/dbx_7.3.3.tar.gz"
"5","rohan.helluin.org","70","/sgi/software/","fsn.tar.gz                               2013-Jul-10 13:37   146.1 KB","/sgi/software/fsn.tar.gz"
"5","rohan.helluin.org","70","/sgi/software/","galileo_6.5.tar.gz                       2013-Jul-10 13:37     3.0 MB","/sgi/software/galileo_6.5.tar.gz"
"5","rohan.helluin.org","70","/s"h","kichimi.uk","70","/cgi-bin/rss?bbc-uk","Labour's £10m pledge to tackle 'period poverty'","URL:http://www.bbc.co.uk/news/uk-politics-41402914"
"5","telefisk.org","70","/Dos","hdsnif26.zip","/Dos/hdsnif26.zip"
"5","rohan.helluin.org","70","/sgi/software/","phobo_1000.zip                           2016-Feb-07 16:31     5.6 MB","/sgi/software/phobo_1000.zip"
"5","rohan.helluin.org","70","/sgi/software/","space.tar                                2012-Jul-13 13:57    15.3 MB","/sgi/software/space.tar"
"5","telefisk.org","70","/Dos","crtfix16.zip","/Dos/crtfix16.zip"
"5","telefisk.org","70","/chaosnet","chaos-05062001.tar.gz","/chaosnet/chaos-05062001.tar.gz"
"5","telefisk.org","70","/chaosnet","chaos.tar.gz","/chaosnet/chaos.tar.gz"
"5","telefisk.org","70","/chaosnet","chaos2.tar.gz","/chaosnet/chaos2.tar.gz"
"5","dawoodfall.net","70","/soma/","soma-2.11.0.tar.gz                       2016-Feb-26 13:36    11.0 KB","/soma/soma-2.11.0.tar.gz"
"5","dawoodfall.net","70","/soma/","soma.tar.gz                              2016-Feb-26 13:36   204.4 KB","/soma/soma.tar.gz"
"5","telefisk.org","70","/poc","pocorgtfo02.pdf","/poc/pocorgtfo02.pdf"
"5","telefisk.org","70","/poc","pocorgtfo03.pdf","/poc/pocorgtfo03.pdf"
"5","xepb.org","70","/XEPb/68kavr/files/","68kavrterm.tar.gz","/XEPb/68kavr/files/68kavrterm.tar.gz"
"5","xepb.org","70","/XEPb/68kavr/files/","0_Latest_Firmware_Is_68kavr2560.tar.gz         2014-Nov-28 16:12     0.0 KB","/XEPb/68kavr/files/0_Latest_Firmware_Is_68kavr2560.tar.gz"
"5","xepb.org","70","/XEPb/68kavr/files/","68k-I.tar.gz                                   2014-Apr-15 23:03     9.7 KB","/XEPb/68kavr/files/68k-I.tar.gz"
"5","telefisk.org","70","/poc","pocorgtfo04.pdf","/poc/pocorgtfo04.pdf"
"5","telefisk.org","70","/poc","pocorgtfo05.pdf","/poc/pocorgtfo05.pdf"
"5","xepb.org","70","/XEPb/68kavr/files/","68kavr24A3.tar.gz                              2014-Nov-27 23:14     3.3 MB","/XEPb/68kavr/files/68kavr24A3.tar.gz"
"5","xepb.org","70","/XEPb/68kavr/files/","68kavr2560.tar.gz                              2015-Jun-08 23:13   195.7 KB","/XEPb/68kavr/files/68kavr2560.tar.gz"
"5","xepb.org","70","/XEPb/68kavr/files/","68kavrterm.tar.gz                              2015-Mar-02 12:53     1.3 KB","/XEPb/68kavr/files/68kavrterm.tar.gz"
"5","xepb.org","70","/XEPb/68kavr/files/","Avr68-2.tar.gz                                 2014-Jan-14 10:05    25.0 KB","/XEPb/68kavr/files/Avr68-2.tar.gz"
"5","pain.ka10.de","70","/gcgi","GCGI.111 (v1.25)","/gcgi/gcgi-111.tar.Z"
"5","telefisk.org","70","/poc","pocorgtfo06.pdf","/poc/pocorgtfo06.pdf"
"5","pain.ka10.de","70","/gcgi","GCGI.110 (v1.24)","/gcgi/gcgi-110.tar.Z"
"5","pain.ka10.de","70","/gcgi","GCGI.109 (v1.23)","/gcgi/gcgi-109.tar.Z"
"5","xepb.org","70","/XEPb/68kavr/files/","Avr68-5.tar.gz                                 2014-Mar-06 12:40    43.1 KB","/XEPb/68kavr/files/Avr68-5.tar.gz"
"5","telefisk.org","70","/poc","pocorgtfo07.pdf","/poc/pocorgtfo07.pdf"
"5","telefisk.org","70","/poc","pocorgtfo08.pdf","/poc/pocorgtfo08.pdf"
"5","pain.ka10.de","70","/gcgi","GCGI.108 (v1.22)","/gcgi/gcgi-108.tar.Z"
"5","xepb.org","70","/XEPb/68kavr/files/","Avr68-6.tar.gz                                 2014-Mar-25 20:12    32.1 KB","/XEPb/68kavr/files/Avr68-6.tar.gz"
"5","xepb.org","70","/XEPb/68kavr/files/","Avr68-7.tar.gz                                 2014-Apr-09 12:13   227.6 KB","/XEPb/68kavr/files/Avr68-7.tar.gz"
"5","xep"9","forthworks.com","70","/retro/r","Retro 6.08","/retro/r/retroforth-6.08.tar.gz"
"5","pain.ka10.de","70","/gcgi","GCGI.106 (v1.19)","/gcgi/gcgi-106.tgz"
"5","pain.ka10.de","70","/gcgi","GCGI.105 (v1.17)","/gcgi/gcgi-105.tgz"
"5","pain.ka10.de","70","/gcgi","GCGI.104 (v1.14)","/gcgi/gcgi-104.tgz"
"5","pain.ka10.de","70","/gcgi","GCGI.103 (v1.11)",""9","gopher.386server.info","70","/KISN_47th_Anniversary","11-Tom_Michaels_22050samp.mp3","/KISN_47th_Anniversary/11-Tom_Michaels_22050samp.mp3"
"5","pain.ka10.de","70","/gcgi","GCGI.102 (v1.8)","/gcgi/gcgi-102.tgz"
"5","rohan.helluin.org","70","/sgi/software/indy_demos/","maquis.zip                               2012-Jul-13 13:57   301.6 KB","/sgi/software/indy_demos/maquis.zip"
"5","home.quix.us","70","/repo","palmdemo.zip","/repo/palmdemo.zip"
"5","rohan.helluin.org","70","/sgi/software/indy_demos/","poly.tar                                 2012-Jul-13 13:57   140.0 KB","/sgi/software/indy_demos/poly.tar"
"5","rohan.helluin.org","70","/sgi/software/indy_demos/","wave.tar  "i","redhill.net.nz","70","/gnews","Photo Search: http://www.alamy.com/search.html?CreativeOn=1&adv=1&ag=0&all=1&creative=&et=0x000000000000000000000&vp=0&loc=0&qt=Zawyet20El20Aryan&qn=&lic=6&lic=1&imgt=0&archive=1&dtfr=&dtto=&hc=&selectdate=&size=0xFF&aqt=&epqt=&oqt=&nqt=&gtype=0  | Catergory: 19"
"5","pain.ka10.de","70","/src","Unix Tools (r115)","/src/tools-115.tar.Z"
"5","xepb.org","70","/XEPb/68kavr/files/","a68k.tar.gz                                    2014-Jan-13 17:37    94.8 KB","/XEPb/68kavr/files/a68k.tar.gz"
"5","telefisk.org","70","/poc","pocorgtfo10.pdf","/poc/pocorgtfo10.pdf"
"5","telefisk.org","70","/poc","pocorgtfo11.pdf","/po/TIP/1907"
"5","pain.ka10.de","70","/src","Text Utilities (r104)","/src/textutils-104.tar.Z"
"5","pain.ka10.de","70","/src","UPN Calculator (r106 v1.12)","/src/upn-106.tar.Z"
"5","telefisk.org","70","/poc","pocorgtfo12.pdf","/poc/pocorgtfo12.pdf"
"5","telefisk.org","70","/poc","pocorgtfo13.pdf","/poc/pocorgtfo13.pdf"
"5","telefisk.org","70","/poc","pocorgtfo14.pdf","/poc/pocorgtfo14.pdf"
"5","telefisk.org","70","/poc","pocorgtfo15.pdf","/poc/pocorgtfo15.pdf"
"5","dawoodfall.net","70","/mkslack/","mkslack-5.1.tar.gz                       2016-Aug-01 20:25     9.6 KB","/mkslack/mkslack-5.1.tar.gz"
"5","dawoodfall.net","70","/mkslack/","mkslack.tar.gz                           2016-Aug-01 20:25   543.0 KB","/mkslack/mkslack.tar.gz"
"5","dawoodfall.net","70","/slackbuilds/13.37/clementine/","clementine.tar.gz                        "0","pain.ka10.de","70","/books","DE: Evangelium des Judas","/books/Evangelium.Judas"
"5","gopher.meulie.net","70","/textfiles/","anarchy.zip                                                            2012-May-03 17:27    13.8 MB","/textfiles/anarchy.zip"
"5","104.131.140.26","70","","Resume","/resume_iso.pdf"
"5","dawoodfall.net","70","/slackbuilds/13.37/driconf/","driconf-0.9.1-2.diff.gz                  2014-May-07 07:09     8.8 KB","/slackbuilds/13.37/driconf/driconf-0.9.1-2.diff.gz"
"5","dawoodfall.net","70","/slackbuilds/13.37/driconf/","driconf-0.9.1.tar.gz                     2014-May-07 07:09   109.9 KB","/slackbuilds/13.37/driconf/driconf-0.9.1.tar.gz"
"5","dawoodfall.net","70","/slackbuilds/13.37/driconf/","driconf.tar.gz                           2014-May-07 07:09    11.8 KB","/slackbuilds/13.37/driconf/driconf.tar.gisc/beckwith.html"
"5","gopher.meulie.net","70","/textfiles/","filelisting.txt.gz                                                     2011-Jul-08 11:34     3.3 MB","/textfiles/filelisting.txt.gz"
"5","gopher.meulie.net","70","/textfiles/","scene.textfiles.com.zip                                                2006-Jan-17 02:07   570.1 KB","/textfiles/scene.textfiles.com.zip"
"5","gopher.meulie.net","70","/textfiles/","sitemap.xml.gz                                                         2016-May-04 14:29   313.2 KB","/textfil"i","gopher.viste.fr","70","/OnlineTools/guestbook.cgi"," > Nice gopher hole!"
"5","gopher.meulie.net","70","/textfiles/","sitemap1.xml.gz                                                        2016-May-04 14:30   253.3 KB","/textfiles/sitemap1.xml.gz"
"5","gopher.meulie.net","70","/textfiles/","sitemap2.xml.gz                                                        2016-May-04 14:30   417.9 KB","/textfiles/sitemap2.xml.gz"
"5","gopher.meulie.net","70","/textfiles/","sitemap3.xml.gz                                                        2016-May-04 14:30   334.4 KB","/textfiles/sitemap3.xml.gz"
"5","gopher.meulie.net","70","/textfiles/","sitemap4.xml.gz                                                        2016-May-04 14:30   234.3 KB","/textfiles/sitemap4.xml.gz"
"5","gopher.meulie.net","70d Public Education).wma","/audio/Gatto/John Taylor Gatto - What is an Education (the BUSINESS of Schooling and Public Education).wma"
"5","dawoodfall.net","70","/slackbuilds/13.37/fluxbox/","xinitrc.fluxbox.gz                       2014-May-07 07:09     0.5 KB","/slackbuilds/13.37/fluxbox/xinitrc.fluxbox.gz"
"5","telefisk.org","70","/patches/","bip.diff.gz","/patches/bip.diff.gz"
"5","telefisk.org","70","/ultrix/","Ultrix-32 VAX v2.0 Source.tar.gz","/ultrix/Ultrix-32#040VAX#040v2.0#040Source.tar.gz"
"5","telefisk.org","70","/ultrix/","Ultrix-4.3-extras-src.tar.bz2","/ultrix/Ultrix-4.3-extras-src.tar.bz2"
"5","telefisk.org","70","/ultrix/","Ultrix_RISC_4.5.img.bz2","/ultrix/Ultrix_RISC_4.5.img.bz2"
"5","telefisk.org","70","/ultrix/","ultrix-risc-y2k-patch-kit.mode1.ufs.bz2","/ultrix/ultrix-risc-y2k-patch-kit.mode1.ufs.bz2"
"5","telefisk.org","70","/usenet/","comp.infosystems.gopher.tar.bz2","/usenet/comp.infosystems.gopher.tar.bz2"
"5","telefisk.org","70","/usenet/","comp.infosystems.wais.tar.bz2","/usenet/comp.infosystems.wais.tar.bz2"
"5","dawoodfall.net","70","/slackbuilds/13.37/gimp/","gimp.tar.gz                              2014-May-07 07:09     4.2 KB","/slackbuilds/13.37/gimp/gimp.tar.gz"
"5","telefisk.org","70","/usenet/","comp.sys.amiga.tar.xz","/usenet/comp.sys.amiga.tar.xz"
"5","telefisk.org","70","/usenet/","comp.sys.amiga.hardware.tar.bz2","/usenet/comp.sys.amiga.hardware.tar.bz2"
"5","telefisk.org","70","/usenet/","comp.sys.amiga.programmer.tar.bz2","/usenet/comp.sys.amiga.programmer.tar.bz2"
"5","dawoodfall.net","70","/slackbuilds/13.37/kernel/","kernel.tar.gz                            2014-May-07 07:09     3.4 KB","/slackbuilds/13.37/kernel/kernel.tar.gz"
"5","telefisk.org","70","/usenet/","comp.sys.prime.tar.bz2","/usenet/comp.sys.prime.tar.bz2"
"5","dawoodfall.net","70","/slackbuilds/13.37/kqemu/","kqemu.tar.gz                             2014-May-07 07:09     4.9 KB","/slackbuilds/13.37/kqemu/kqemu.tar.gz"
"5","telefisk.org","70","/usenet/","comp.sys.apollo.tar.bz2","/usenet/comp.sys.apollo.tar.bz2"
"5","telefisk.org","70","/usenet/","mod.computers.vax.tar.bz2","/usenet/mod.computers.vax.tar.bz2"
"5","telefisk.org","70","/usenet/","comp.sys.cbm.tar.bz2","/usenet/comp.sys.cbm.tar.bz2"
"5","telefisk.org","70","/usenet/","comp.sys.dec.tar.bz2","/usenet/comp.sys.dec.tar.bz2"
"5","dawoodfall.net","70","/slackbuilds/13.37/libAfterImage/","libAfterImage.tar.gz                     2014-May-07 07:09     3.9 KB","/slackbuilds/13.37/libAfterImage/libAfterImage.tar.gz"
"5","telefisk.org","70","/amiga/mouse_hack","mouse_hack.tar.gz","/amiga/mouse_hack/mouse_hack.tar.gz"
"5","telefisk.org","70","/amiga/Development","180-sting_trackloader.zip","/amiga/Development/180-sting_trackloader.zip"
"5","gopher.nonlinear.zone","70","/gopherstuff","local.veronica.tar.gz                          2016-Apr-06 21:59    80.0 KB","/gopherstuff/local.veronica.tar.gz"
"5","telefisk.org","70","/amiga/Development","68060Guide.txt.gz","/amiga/Development/68060Guide.txt.gz"
"5","telefisk.org","70","/amiga/Development","ANIMx-Format.txt.gz","/amiga/Development/ANIMx-Format.txt.gz"
"5","telefisk.org"i","gopher.jellybeanstyling.com","70","/resources","____________________________________________________________________________"
"5","telefisk.org","70","/amiga/Development","HamShadow2.txt.gz","/amiga/Development/HamShadow2.txt.gz"
"5","telefisk.org","70","/amiga/Development","M68k-Optimize.txt.gz","/amiga/Development/M68k-Optimize.txt.gz"
"5","telefisk.org","70","/amiga/Development","MC680x0.guide.gz","/amiga/Development/MC680x0.guide.gz"
"5","telefisk.org","70","/amiga/Development","Picasso96Develop.tar.bz2","/amiga/Development/Picasso96Develop.tar.bz2"
"5","telefisk.org","70","/amiga/Development","amiga os source code 3.1.tar.bz2","/amiga/Development/amiga#040os#040source#040code#0403.1.tar.bz2"
"5","telefisk.org","70","/amiga/Development","amigaDevelopercd1.2.zip","/amiga/Development/amigaDevelopercd1.2.zip"
"5","telefisk.org","70","/amiga/Development","c2p_020_FastRam2.s.gz","/amiga/Development/c2p_020_FastRam2.s.gz"
"5","dawoodfall.net","70","/slackbuilds/13.37/mplayer/","mplayer.tar.gz                           2014-May-07 07:09    10.8 KB","/slackbuilds/13.37/mplayer/mplayer.tar.gz"
"5","dawoodfall.net","70","/slackbuilds/13.37/retrovol/","retrovol.tar.gz                          2014-May-07 07:09     3.7 KB","/slackbuilds/13.37/retrovol/retrovol.tar.gz"
"5","telefisk.org","70","/amiga/Amix/","AMIX201.zip","/amiga/Amix/AMIX201.zip"
"5","telefisk.org","70","/amiga/Amix/","AMIX203.zip","/amiga/Amix/AMIX203.zip"
"5","dawoodfall.net","70","/slackbuilds/13.37/rxvt-unicode/","rxvt-unicode.tar.gz                      2014-May-07 07:09     3.9 KB","/slackbuilds/13.37/rxvt-unicode/rxvt-unicode.tar.gz"
"5","telefisk.org","70","/amiga/Amix/","AMIXTAPE.zip","/amiga/Amix/AMIXTAPE.zip"
"5","telefisk.org","70","/amiga/Amix/","AMIXbootdms.zip","/amiga/Amix/AMIXbootdms.zip"
"5","telefisk.org","70","/amiga/Amix/","AmixDisks.zip","/amiga/Amix/AmixDisks.zip"
"5","telefisk.org","70","/amiga/Amix/","lahtml.rar","/amiga/Amix/lahtml.rar"
"5","dawoodfall.net","70","/slackbuilds/13.37/umplayer/","umplayer.tar.gz                          2014-May-07 07:09     3.9 KB","/slackbuilds/13.37/umplayer/umplayer.tar.gz"
"5","telefisk.org","70","/amiga/Commodore_install_disks/","A1060 PC Sidecar Workbench 1.2.adf.gz","/amiga/Commodore_install_disks/A1060#040PC#040Sidecar#040Workbench#0401.2.adf.gz"
