"0x1A4.1337.cx","70","","i","           tx.god.jp | txgodjpb3hm5itrc.onion | 0x1A4.1337.cx"
"0x1A4.1337.cx","70","","i",""
"0x1A4.1337.cx","70","","i",""
"0x1A4.1337.cx","70","","i","=== news ================================================================"
"0x1A4.1337.cx","70","","0","full log","/log.cgi"
"0x1A4.1337.cx","70","","i","* 2017-09-15 - make onion link more visible"
"0x1A4.1337.cx","70","","i","* 2017-09-15 - update how to consensus.txt"
"0x1A4.1337.cx","70","","i","* 2017-09-13 - remove short url service"
"0x1A4.1337.cx","70","","i","* 2017-09-12 - add hackercouch unit files"
"0x1A4.1337.cx","70","","i","* 2017-09-12 - fix phlog typo"
"0x1A4.1337.cx","70","","0","atom feed (gopher)","/atom.xml"
"0x1A4.1337.cx","70","","0","twtxt feed","/twtxtfeed.cgi"
"0x1A4.1337.cx","70","","h","atom feed (https)","URL:https://tx.god.jp/code/gopher/atom.xml"
"0x1A4.1337.cx","70","","i",""
"0x1A4.1337.cx","70","","i","=== services ============================================================"
"0x1A4.1337.cx","70","","1","pastebin","/pastebin"
"0x1A4.1337.cx","70","","i",""
"0x1A4.1337.cx","70","","i","=== files ==============================================================="
"0x1A4.1337.cx","70","","i",""
"0x1A4.1337.cx","70","","i","=== meta ================================================================"
"0x1A4.1337.cx","70","","0","uptime","/uptime.cgi"
"0x1A4.1337.cx","70","","0","whoami","/whoami/whoami.txt"
"0x1A4.1337.cx","70","","0","pubkey","/whoami/pubkey.gpg"
"0x1A4.1337.cx","70","","i",""
"0x1A4.1337.cx","70","","i","=== see also ============================================================"
"0x1A4.1337.cx","70","",".","Full Stop Received"
"0x1A4.1337.cx","70","/pastebin","i","           tx.god.jp | txgodjpb3hm5itrc.onion | 0x1A4.1337.cx"
"0x1A4.1337.cx","70","/pastebin","i",""
"0x1A4.1337.cx","70","/pastebin","i",""
"0x1A4.1337.cx","70","/pastebin","i","=== news ================================================================"
"0x1A4.1337.cx","70","/pastebin","0","full log","/log.cgi"
"0x1A4.1337.cx","70","/pastebin","i","* 2017-09-15 - make onion link more visible"
"0x1A4.1337.cx","70","/pastebin","i","* 2017-09-15 - update how to consensus.txt"
"0x1A4.1337.cx","70","/pastebin","i","* 2017-09-13 - remove short url service"
"0x1A4.1337.cx","70","/pastebin","i","* 2017-09-12 - add hackercouch unit files"
"0x1A4.1337.cx","70","/pastebin","i","* 2017-09-12 - fix phlog typo"
"0x1A4.1337.cx","70","/pastebin","0","atom feed (gopher)","/atom.xml"
"0x1A4.1337.cx","70","/pastebin","0","twtxt feed","/twtxtfeed.cgi"
"0x1A4.1337.cx","70","/pastebin","h","atom feed (https)","URL:https://tx.god.jp/code/gopher/atom.xml"
"0x1A4.1337.cx","70","/pastebin","i",""
"0x1A4.1337.cx","70","/pastebin","i","=== services ============================================================"
"0x1A4.1337.cx","70","/pastebin","i",""
"0x1A4.1337.cx","70","/pastebin","i","=== files ==============================================================="
"0x1A4.1337.cx","70","/pastebin","i",""
"0x1A4.1337.cx","70","/pastebin","i","=== meta ================================================================"
"0x1A4.1337.cx","70","/pastebin","0","uptime","/uptime.cgi"
"0x1A4.1337.cx","70","/pastebin","0","whoami","/whoami/whoami.txt"
"0x1A4.1337.cx","70","/pastebin","0","pubkey","/whoami/pubkey.gpg"
"0x1A4.1337.cx","70","/pastebin","i",""
"0x1A4.1337.cx","70","/pastebin","i","=== see also ============================================================"
"0x1A4.1337.cx","70","/pastebin",".","Full Stop Received"
