"dusted.dk","70","","1","Tagwall (Gopher exclusive)","/tagwall"
"dusted.dk","70","","1","about","/pages/about"
"dusted.dk","70","","1","computers","/pages/computers"
"dusted.dk","70","","1","easyplayer","/pages/easyplayer"
"dusted.dk","70","","1","excessiveOverkill","/pages/excessiveOverkill"
"dusted.dk","70","","1","goatlove","/pages/goatlove"
"dusted.dk","70","","1","ide64","/pages/ide64"
"dusted.dk","70","","1","killcity","/pages/killcity"
"dusted.dk","70","","1","ld38","/pages/ld38"
"dusted.dk","70","","1","maximumCuriosity","/pages/maximumCuriosity"
"dusted.dk","70","","1","phlog","/pages/phlog"
"dusted.dk","70","","1","random","/pages/random"
"dusted.dk","70","","1","simplevaders","/pages/simplevaders"
"dusted.dk","70","","1","sof-resolution","/pages/sof-resolution"
"dusted.dk","70","","1","software","/pages/software"
"dusted.dk","70","","1","thoughts","/pages/thoughts"
"dusted.dk","70","","0","Why is Gopher Still Relevant?","/gopher/relevance.txt"
"dusted.dk","70","/pages/about","0","Why is Gopher Still Relevant?","/gopher/relevance.txt"
"dusted.dk","70","/pages/easyplayer","0","Why is Gopher Still Relevant?","/gopher/relevance.txt"
"dusted.dk","70","/pages/goatlove","0","Why is Gopher Still Relevant?","/gopher/relevance.txt"
"dusted.dk","70","/pages/killcity","0","Why is Gopher Still Relevant?","/gopher/relevance.txt"
