"floodgap.com","70","","i","Welcome to Floodgap Systems' official gopher server."
"floodgap.com","70","","i","Floodgap has served the gopher community since 1999"
"floodgap.com","70","","i","(formerly gopher.ptloma.edu). ** OVER 15 YEARS SERVING YOU! **"
"floodgap.com","70","","i"," "
"floodgap.com","70","","i","Welcome users of gopherproject.org -- we are now maintaining"
"floodgap.com","70","","i","that domain as an alias."
"floodgap.com","70","","i"," "
"floodgap.com","70","","i","We run Bucktooth 0.2.9 on xinetd as our server system."
"floodgap.com","70","","i","gopher.floodgap.com is an IBM Power 520 Express with a 2-way"
"floodgap.com","70","","i","4.2GHz POWER6 CPU and 8GB of RAM, running AIX 6.1 +patches."
"floodgap.com","70","","i","Send gopher@floodgap.com your questions and suggestions."
"floodgap.com","70","","i"," "
"floodgap.com","70","","i","***********************************************************"
"floodgap.com","70","","i","**       CELEBRATING GOPHER'S 25 YEAR ANNIVERSARY!       **"
"floodgap.com","70","","i","**               Plain text is beautiful!                **"
"floodgap.com","70","","i","***********************************************************"
"floodgap.com","70","","i"," "
"floodgap.com","70","","0","Does this gopher menu look correct?","/gopher/proxy"
"floodgap.com","70","","i","(plus using the Floodgap Public Gopher Proxy)"
"floodgap.com","70","","i","Get your own Gopherspace and shell account!"
"floodgap.com","70","","i"," "
"floodgap.com","70","","i","--- Getting started with Gopher -----------------------------------"
"floodgap.com","70","","i","(what is Gopherspace? We tell you! And find out how"
"floodgap.com","70","","i","to create your own Gopher world!)"
"floodgap.com","70","","i"," "
"floodgap.com","70","","0","Using your web browser to explore Gopherspace","/gopher/wbgopher"
"floodgap.com","70","","i","(READ IT! LEARN IT! LOVE IT!)"
"floodgap.com","70","","i","(useful tips for gopher newbies, updated 14 April 2015)"
"floodgap.com","70","","i"," "
"floodgap.com","70","","i","(download gopher add-ons for Mozilla Firefox/SeaMonkey,"
"floodgap.com","70","","i","mobile clients for Android and more! Put Gopherspace on"
"floodgap.com","70","","i","your mobile phone or desktop computer!)"
"floodgap.com","70","","i"," "
"floodgap.com","70","","i","--- Find and search for other Gopher sites on the Internet --------"
"floodgap.com","70","","i","or search all known titles in Gopherspace with V-2 from here:"
"floodgap.com","70","","7","Search Veronica-2","/v2/vs"
"floodgap.com","70","","i"," "
"floodgap.com","70","","i","(updated with robot updates)"
"floodgap.com","70","","i","(updated 12 September 2017)"
"floodgap.com","70","","i"," "
"floodgap.com","70","","i","--- Get news, weather and more through Gopherspace ----------------"
"floodgap.com","70","","i","(USA and Australia; updates occur throughout the day)"
"floodgap.com","70","","i","(updates occur daily/regularly)"
"floodgap.com","70","","i","(today's most updated news and headlines)"
"floodgap.com","70","","0","Caltrans California highway conditions","/calroads"
"floodgap.com","70","","i","(hourly updates on California highway conditions)"
"floodgap.com","70","","i","(updated on access)"
"floodgap.com","70","","i"," "
"floodgap.com","70","","i","--- File archives and downloads -----------------------------------"
"floodgap.com","70","","i","(includes external archives and historical files,"
"floodgap.com","70","","i","Walnut Creek CP/M-Osborne-Commodore-Beehive archives,"
"floodgap.com","70","","i","Info-Mac, classic Mac software and more)"
"floodgap.com","70","","i"," "
"floodgap.com","70","","i","--- Fun, games, and other neat things -----------------------------"
"floodgap.com","70","","i","(with xkcd, the Gopher Figlet gateway and the fld.gp Gopher"
"floodgap.com","70","","i"," Shortener Service)"
"floodgap.com","70","","i","(the usual gang of idiots)"
"floodgap.com","70","","i","(version 0.5.1 released 24 October 2015)"
"floodgap.com","70","","i"," "
"floodgap.com","70","","i","--- Server software behind the scenes -----------------------------"
"floodgap.com","70","","i","(version 0.2.9 released 1 May 2011)"
"floodgap.com","70","","i"," "
"floodgap.com","70","","i","--- Gopherspace advocacy and activism -----------------------------"
"floodgap.com","70","","i","(monthly traffic analysis of the Floodgap Public Gopher Proxy"
"floodgap.com","70","","i","for community advocacy purposes; updates monthly)"
"floodgap.com","70","","i"," "
"floodgap.com","70","","i","--- Floodgap specific ---------------------------------------------"
"floodgap.com","70","","0","Yes, gopher.floodgap.com is the same as gopher.ptloma.edu","/ptloma"
"floodgap.com","70","","0","Where's Floodgap? (not for hatemail ;-)","/whereis"
"floodgap.com","70","","0","What's the temperature in the Floodgap server room?","/servertemps.txt"
"floodgap.com","70","","0","/usr/bin/tail our gopher server log","/recent"
"floodgap.com","70","","0","RIP, Master gopher at University of Minnesota","/umngone"
"floodgap.com","70","","h","Floodgap.com (Web pages)","URL:http://www.floodgap.com/"
"floodgap.com","70","","i"," "
"floodgap.com","70","","i","Please note that this gopher is now an independent"
"floodgap.com","70","","i","entity and is no longer affiliated with Point Loma"
"floodgap.com","70","","i","Nazarene University."
"floodgap.com","70","",".","Full Stop Received"
