"gopher.superglobalmegacorp.com","70","","3","----Hello------"
"gopher.superglobalmegacorp.com","70","","3","Welcome to my Gopher Site!"
"gopher.superglobalmegacorp.com","70","","3",""
"gopher.superglobalmegacorp.com","70","","3"," #    #     #    #####    #####  #    #    ##    #       #        #   #"
"gopher.superglobalmegacorp.com","70","","3"," #    #     #    #    #     #    #    #   #  #   #       #         # #"
"gopher.superglobalmegacorp.com","70","","3"," #    #     #    #    #     #    #    #  #    #  #       #          #"
"gopher.superglobalmegacorp.com","70","","3"," #    #     #    #####      #    #    #  ######  #       #          #"
"gopher.superglobalmegacorp.com","70","","3","  #  #      #    #   #      #    #    #  #    #  #       #          #"
"gopher.superglobalmegacorp.com","70","","3","   ##       #    #    #     #     ####   #    #  ######  ######     #"
"gopher.superglobalmegacorp.com","70","","3"," ######  #    #  #    #"
"gopher.superglobalmegacorp.com","70","","3"," #       #    #  ##   #"
"gopher.superglobalmegacorp.com","70","","3"," #####   #    #  # #  #"
"gopher.superglobalmegacorp.com","70","","3"," #       #    #  #  # #"
"gopher.superglobalmegacorp.com","70","","3"," #       #    #  #   ##"
"gopher.superglobalmegacorp.com","70","","3"," #        ####   #    #"
"gopher.superglobalmegacorp.com","70","","3",""
"gopher.superglobalmegacorp.com","70","","0","About","0/About"
"gopher.superglobalmegacorp.com","70","","8","QemuOS/2 BBS (My BBS!)",""
"gopher.superglobalmegacorp.com","70","",".","Full Stop Received"
