"gopher.quux.org","70","","i","Welcome to gopher at quux.org!"
"gopher.quux.org","70","","i",""
"gopher.quux.org","70","","i","This server has a lot of information of historic interest,"
"gopher.quux.org","70","","i","funny, or just plain entertaining -- all presented in Gopher."
"gopher.quux.org","70","","i","There are many mirrors here of rare or valuable files with the"
"gopher.quux.org","70","","i","aim to preserve them in case their host disappears.  PLEASE READ"
"gopher.quux.org","70","","i",""About This Server" FOR IMPORTANT NOTES AND LEGAL INFORMATION."
"gopher.quux.org","70","","i",""
"gopher.quux.org","70","","0","About This Server","/About This Server.txt"
"gopher.quux.org","70","","1","Archives","/Archives"
"gopher.quux.org","70","","1","Books","/Books"
"gopher.quux.org","70","","1","Communication","/Communication"
"gopher.quux.org","70","","i","This directory contains the entire text of the book"
"gopher.quux.org","70","","i",""We the Media: Grassroots Journalism by the People, for the People""
"gopher.quux.org","70","","i","by Dan Gillmor in various formats."
"gopher.quux.org","70","","i",""
"gopher.quux.org","70","","i","Feel free to download and enjoy."
"gopher.quux.org","70","","1","Computers","/Computers"
"gopher.quux.org","70","","1","Current Issues and Events (Updated Apr. 23, 2002)","/Current"
"gopher.quux.org","70","","1","Development Projects","/devel"
"gopher.quux.org","70","","0","Gopher's 10th Anniversary","/3.0.0.txt"
"gopher.quux.org","70","","1","Government, Politics, Law, and Conflict","/Government"
"gopher.quux.org","70","","0","How To Help","/How To Help.txt"
"gopher.quux.org","70","","1","Humor and Fun","/Humor and Fun"
"gopher.quux.org","70","","1","Index to Quux.Org","/Archives/index"
"gopher.quux.org","70","","1","Internet","/Internet"
"gopher.quux.org","70","","1","Other Gopher Servers","/Software/Gopher/servers"
"gopher.quux.org","70","","1","People","/People"
"gopher.quux.org","70","","1","Reference","/Reference"
"gopher.quux.org","70","","1","Software and Downloads","/Software"
"gopher.quux.org","70","","1","The Gopher Project","/Software/Gopher"
"gopher.quux.org","70","","0","What's New","/whatsnew.txt"
"gopher.quux.org","70","/Archives","0","Comprehensive Master Index","/Archives/index"
"gopher.quux.org","70","/Archives","1","Mailing Lists","/Archives/Mailing Lists"
"gopher.quux.org","70","/Archives","0","Project Gutenberg Online Books","/Archives/gutenberg"
"gopher.quux.org","70","/Archives","1","Usenet Archives from 1981","/Archives/usenet-a-news"
"gopher.quux.org","70","/Archives","1","Wiretap Electronic Documents","/Archives/mirrors/wiretap.area.com"
"gopher.quux.org","70","/Archives","1","mirrors","/Archives/mirrors"
"gopher.quux.org","70","/Books","1","Foundations of Python Network Programming","/Books/pynet"
"gopher.quux.org","70","/Communication","i","This directory contains the entire text of the book"
"gopher.quux.org","70","/Communication","i",""We the Media: Grassroots Journalism by the People, for the People""
"gopher.quux.org","70","/Communication","i","by Dan Gillmor in various formats."
"gopher.quux.org","70","/Communication","i",""
"gopher.quux.org","70","/Communication","i","Feel free to download and enjoy."
"gopher.quux.org","70","/Communication","9","We The Media by Dan Gillmor (PDF)","/Communication/We The Media.pdf"
"gopher.quux.org","70","/Communication","9","We The Media by Dan Gillmor (Palm DOC format)","/Communication/We The Media_palmdoc.pdb"
"gopher.quux.org","70","/Communication","9","We The Media by Dan Gillmor (Palm Plucker format)","/Communication/We The Media_plucker.pdb"
"gopher.quux.org","70","/Communication","0","We The Media by Dan Gillmor (plain text)","/Communication/We The Media.txt"
"gopher.quux.org","70","/Computers","1","Amiga Computers","/Archives/mirrors/textfiles.com/programming/AMIGA"
"gopher.quux.org","70","/Computers","1","Artificial Inelligence","/Archives/mirrors/textfiles.com/programming/AI"
"gopher.quux.org","70","/Computers","1","Cryptography","/Archives/mirrors/textfiles.com/programming/CRYPTOGRAPHY"
"gopher.quux.org","70","/Computers","0","Early Days of Unix, 25th Anniv. Report","/Archives/mirrors/textfiles.com/programming/25th_ann.uni"
"gopher.quux.org","70","/Computers","1","Forum on Risks to the Public in Computers and Related Systems","/Archives/mirrors/risks"
"gopher.quux.org","70","/Computers","1","Hackers","/Computers/Hackers"
"gopher.quux.org","70","/Computers","1","Jargon File","/pygfarm/dict.pyg?/jargon"
"gopher.quux.org","70","/Computers","1","Papers","/Computers/Papers"
"gopher.quux.org","70","/Computers","1","Programming","/Archives/mirrors/textfiles.com/programming"
"gopher.quux.org","70","/Computers","1","Security","/Computers/Security"
"gopher.quux.org","70","/Computers","1","Sharp Zaurus c760","/Computers/Sharp Zaurus c760"
"gopher.quux.org","70","/Computers","i","Information and links regarding Sharp's Zaurus SL-c760 Linux-based"
"gopher.quux.org","70","/Computers","i","PDA."
"gopher.quux.org","70","/Computers","1","Standards and Specs","/Computers/Standards and Specs"
"gopher.quux.org","70","/Current","i","This is an area for current issues and news.  You will find both"
"gopher.quux.org","70","/Current","i","links to repositories of information regarding current issues"
"gopher.quux.org","70","/Current","i","(even if that information is about historic background of the"
"gopher.quux.org","70","/Current","i","issues) and news about the happenings themselves."
"gopher.quux.org","70","/Current","i",""
"gopher.quux.org","70","/Current","1","Campaign Finance","/Government/USA/Campaign Finance"
"gopher.quux.org","70","/Current","1","Enron Bankruptcy","/Government/USA/Enron"
"gopher.quux.org","70","/Current","1","FY2002 Federal Budget","/Government/USA/Legislative/Budget 2002"
"gopher.quux.org","70","/Current","1","Israel/Palestinian Conflict","/Government/Israeli - Palestinian War"
"gopher.quux.org","70","/Current","1","Microsoft Antitrust Trial","/Government/USA/Microsoft"
"gopher.quux.org","70","/Current","1","Terrorism, World Trade Center","/Government/USA/Terrorism"
"gopher.quux.org","70","/devel","0","Bug-Tracking System","/devel/Bug-Tracking System.txt"
"gopher.quux.org","70","/devel","1","Debian","/devel/debian"
"gopher.quux.org","70","/devel","1","Dictclient -- Python Client API for Dict protocol","/devel/dictclient"
"gopher.quux.org","70","/devel","i"," This is a new library for interacting with Dict servers."
"gopher.quux.org","70","/devel","i"," It defines three classes -- Connection, Database, and Definition."
"gopher.quux.org","70","/devel","i"," It supports all common Dict server requests, including definitions,"
"gopher.quux.org","70","/devel","i"," matching, and getting information about available databases,"
"gopher.quux.org","70","/devel","i"," capabilities, etc.  You can use it to communicate to a local"
"gopher.quux.org","70","/devel","i"," or remote dictd database."
"gopher.quux.org","70","/devel","1","Dictdlib -- Python API for generating dictd files","/devel/dictdlib"
"gopher.quux.org","70","/devel","1","Gopher (UMN/FurryTerror and others)","/devel/gopher"
"gopher.quux.org","70","/devel","1","MissingH -- Utility library for Haskell","/devel/missingh"
"gopher.quux.org","70","/devel","i","The missingh Home Page has moved to:"
"gopher.quux.org","70","/devel","i",""
"gopher.quux.org","70","/devel","i","  http://software.complete.org/missingh/"
"gopher.quux.org","70","/devel","i",""
"gopher.quux.org","70","/devel","i","Please update your links."
"gopher.quux.org","70","/devel","1","NetBSD","/devel/netbsd"
"gopher.quux.org","70","/devel","1","OfflineIMAP -- IMAP/Maildir synchronization and reader support","/devel/offlineimap"
"gopher.quux.org","70","/devel","i","The OfflineIMAP Home Page has moved to:"
"gopher.quux.org","70","/devel","i",""
"gopher.quux.org","70","/devel","i","  http://software.complete.org/offlineimap/"
"gopher.quux.org","70","/devel","i",""
"gopher.quux.org","70","/devel","i","Please update your links."
"gopher.quux.org","70","/devel","1","Pygopherd Multi-Protocol Gopher Server","/devel/gopher/pygopherd"
"gopher.quux.org","70","/devel","1","Pyme -- Python API for GPGME cryptographic GnuPG interface","/devel/pyme"
"gopher.quux.org","70","/devel","i"," Pyme is, for the most part, a direct interface to the C GPGME"
"gopher.quux.org","70","/devel","i"," library.  However, it is re-packaged in a more Pythonic way --"
"gopher.quux.org","70","/devel","i"," object-oriented with classes and modules.  Take a look at the classes"
"gopher.quux.org","70","/devel","i"," defined here -- they correspond directly to certain object types in GPGME"
"gopher.quux.org","70","/devel","i"," for C."
"gopher.quux.org","70","/devel","i",""
"gopher.quux.org","70","/devel","i"," ** IMPORTANT NOTE **"
"gopher.quux.org","70","/devel","i",""
"gopher.quux.org","70","/devel","i"," PyME is no longer maintained.  I do not answer questions about it"
"gopher.quux.org","70","/devel","i"," any longer.  Feel free to use this code under the terms of its license,"
"gopher.quux.org","70","/devel","i"," but there is *NO* support."
"gopher.quux.org","70","/devel","1","Subversion","/devel/Subversion"
"gopher.quux.org","70","/devel","9","blogcvt.tar.gz","/devel/blogcvt.tar.gz"
"gopher.quux.org","70","/devel","1","bylaws","/devel/bylaws"
"gopher.quux.org","70","/devel","1","darcs-buildpackage","/devel/darcs-buildpackage"
"gopher.quux.org","70","/devel","9","handin.tar.gz","/devel/handin.tar.gz"
"gopher.quux.org","70","/devel","i","This is a system designed for Wichita State University students"
"gopher.quux.org","70","/devel","i","to use to electronically submit assignments for classes."
"gopher.quux.org","70","/devel","i","It features enforcable deadlines, separate per-class accounts,"
"gopher.quux.org","70","/devel","i","etc.  There are few docs.  It is intended to be compiled and"
"gopher.quux.org","70","/devel","i","installed in a separate class account for each class,"
"gopher.quux.org","70","/devel","i","and setuid to that accont."
"gopher.quux.org","70","/devel","9","haskell-devscripts_0.5.0_all","/devel/haskell-devscripts_0.5.0_all.deb"
"gopher.quux.org","70","/devel","9","haskell-devscripts_0.5.1_all","/devel/haskell-devscripts_0.5.1_all.deb"
"gopher.quux.org","70","/devel","1","hdbc","/devel/hdbc"
"gopher.quux.org","70","/devel","i","Welcome to HDBC, Haskell Database Connectivity."
"gopher.quux.org","70","/devel","i",""
"gopher.quux.org","70","/devel","i","HDBC is modeled loosely on Perl's DBI interface, though it has also"
"gopher.quux.org","70","/devel","i","been influenced by Python's DB-API v2, JDBC in Java, and HSQL in"
"gopher.quux.org","70","/devel","i","Haskell."
"gopher.quux.org","70","/devel","1","hpodder","/devel/hpodder"
"gopher.quux.org","70","/devel","i","The hpodder Home Page has moved to:"
"gopher.quux.org","70","/devel","i",""
"gopher.quux.org","70","/devel","i","  http://software.complete.org/hpodder/"
"gopher.quux.org","70","/devel","i",""
"gopher.quux.org","70","/devel","i","Please update your links."
"gopher.quux.org","70","/devel","1","ldap-haskell","/devel/ldap-haskell"
"gopher.quux.org","70","/devel","1","magic-haskell","/devel/magic-haskell"
"gopher.quux.org","70","/devel","i","magic-haskell is a binding to the C libmagic library."
"gopher.quux.org","70","/devel","i","It lets you determine a file's type by examining"
"gopher.quux.org","70","/devel","i","its contents."
"gopher.quux.org","70","/devel","1","missinglib","/devel/missinglib"
"gopher.quux.org","70","/devel","i","A collection of various utilities for OCaml"
"gopher.quux.org","70","/devel","1","missingpy","/devel/missingpy"
"gopher.quux.org","70","/devel","i","MissingPy is a Haskell binding to Python and library of Python"
"gopher.quux.org","70","/devel","i","interfaces for Haskell."
"gopher.quux.org","70","/devel","1","zaurus","/devel/zaurus"
"gopher.quux.org","70","/Government","1","Australia","/Archives/mirrors/wiretap.area.com/Gov/Aussie"
"gopher.quux.org","70","/Government","1","Canada","/Government/+"
"gopher.quux.org","70","/Government","1","Elections","/Government/Elections"
"gopher.quux.org","70","/Government","1","Law [USA]","/Government/USA/Law"
"gopher.quux.org","70","/Government","1","Legislation [USA]","/Government/USA/Legislative"
"gopher.quux.org","70","/Government","1","NATO","/Archives/mirrors/wiretap.area.com/Gov/NATO-HB"
"gopher.quux.org","70","/Government","1","Soviet Archives","/Archives/mirrors/OBI/Soviet.Archives"
"gopher.quux.org","70","/Government","1","Supreme Court","/Government/Supreme Court"
"gopher.quux.org","70","/Government","1","Textfiles politics collection","/Archives/mirrors/textfiles.com/politics"
"gopher.quux.org","70","/Government","1","United States of America","/Government/USA"
"gopher.quux.org","70","/Humor and Fun","1","Fortune Databases","/Humor and Fun/Fortune Databases"
"gopher.quux.org","70","/Humor and Fun","1","Microsoft_KSH.txt","/Humor and Fun/Microsoft_KSH.txt"
"gopher.quux.org","70","/Humor and Fun","1","Nerd Humor","/Archives/mirrors/OBI/Nerd.Humor"
"gopher.quux.org","70","/Humor and Fun","1","Politics","/Humor and Fun/Politics"
"gopher.quux.org","70","/Humor and Fun","1","Pranks & Practical Jokes","/Humor and Fun/Pranks"
"gopher.quux.org","70","/Humor and Fun","1","Textfiles Humor Section","/Archives/mirrors/textfiles.com/humor"
"gopher.quux.org","70","/Humor and Fun","1","Usenet Oracle Archives","/Archives/mirrors/ftp.cs.indiana.edu/pub/oracle"
"gopher.quux.org","70","/Archives/index","3","'/Archives/index' does not exist (no handler found)"
