"gophernicus.org","70","","i","Welcome to The Gophernicus Project!"
"gophernicus.org","70","","i"," _______               __                      __"
"gophernicus.org","70","","i","|     __|.-----.-----.|  |--.-----.----.-----.|__|.----.--.--.-----."
"gophernicus.org","70","","i","|    |  ||  _  |  _  ||     |  -__|   _|     ||  ||  __|  |  |__ --|"
"gophernicus.org","70","","i","|_______||_____|   __||__|__|_____|__| |__|__||__||____|_____|_____|"
"gophernicus.org","70","","i","               |__|"
"gophernicus.org","70","","i","The Gophernicus Project is a one-man mission to modernize gopher,"
"gophernicus.org","70","","i","the precursor of the evil that is WWW. Oh look, shiny windmills!"
"gophernicus.org","70","","i",""
"gophernicus.org","70","","0","About this project","/about.txt"
"gophernicus.org","70","","i",""
"gophernicus.org","70","","0","What's my IP address?","/cgi-bin/whatsmyip"
"gophernicus.org","70","","0","    * IPv4 address only","/cgi-bin/whatsmyip"
"gophernicus.org","70","","0","    * IPv6 address only","/cgi-bin/whatsmyip"
"gophernicus.org","70","","i",""
"gophernicus.org","70","","1","My personal gopherhole and contact information","/~kim/"
"gophernicus.org","70","","i",""
"gophernicus.org","70","","1","Gophernicus, The Most Awesome(tm) gopher server","/software/gophernicus/"
"gophernicus.org","70","","1","Other gopher software and patches","/software/"
"gophernicus.org","70","","1","Gopher protocol documentation","/doc/gopher/"
"gophernicus.org","70","","i",""
"gophernicus.org","70","","i","We're not counting, but you're visitor number 20601."
"gophernicus.org","70","","i","____________________________________________________________________________"
"gophernicus.org","70","","i","                           Gophered by Gophernicus/2.5 on Debian/8.8 x86_64"
"gophernicus.org","70","",".","Full Stop Received"
"gophernicus.org","70","/~kim/","i","[/~kim/]"
"gophernicus.org","70","/~kim/","i",""
"gophernicus.org","70","/~kim/","i","   name | kim holviala"
"gophernicus.org","70","/~kim/","i","  email | kim@holviala.com"
"gophernicus.org","70","/~kim/","i",""
"gophernicus.org","70","/~kim/","i","____________________________________________________________________________"
"gophernicus.org","70","/~kim/","i","                           Gophered by Gophernicus/2.5 on Debian/8.8 x86_64"
"gophernicus.org","70","/~kim/",".","Full Stop Received"
"gophernicus.org","70","/software/gophernicus/","i","Gophernicus - a modern full-featured gopher server"
"gophernicus.org","70","/software/gophernicus/","i"," _______               __                      __                   "
"gophernicus.org","70","/software/gophernicus/","i","|     __|.-----.-----.|  |--.-----.----.-----.|__|.----.--.--.-----."
"gophernicus.org","70","/software/gophernicus/","i","|    |  ||  _  |  _  ||     |  -__|   _|     ||  ||  __|  |  |__ --|"
"gophernicus.org","70","/software/gophernicus/","i","|_______||_____|   __||__|__|_____|__| |__|__||__||____|_____|_____|"
"gophernicus.org","70","/software/gophernicus/","i","               |__|                                                 "
"gophernicus.org","70","/software/gophernicus/","i","Copyright (c) 2009-2017 Kim Holviala <kim@holviala.com>"
"gophernicus.org","70","/software/gophernicus/","i",""
"gophernicus.org","70","/software/gophernicus/","i","Gophernicus is a modern full-featured (and hopefully) secure gopher"
"gophernicus.org","70","/software/gophernicus/","i","daemon. It is licensed under the BSD license."
"gophernicus.org","70","/software/gophernicus/","i",""
"gophernicus.org","70","/software/gophernicus/","i","Supported operating systems include AIX, Linux, MacOSX, BSDs and"
"gophernicus.org","70","/software/gophernicus/","i","Haiku/R1. It's written in plain C with no external dependencies"
"gophernicus.org","70","/software/gophernicus/","i","so compiling on any POSIX-like platform should work."
"gophernicus.org","70","/software/gophernicus/","i",""
"gophernicus.org","70","/software/gophernicus/","h","HTTP download link","URL:http://gophernicus.org/software/gophernicus/"
"gophernicus.org","70","/software/gophernicus/","h","Public git repository","URL:http://gophernicus.org/git/gophernicus.git"
"gophernicus.org","70","/software/gophernicus/","i",""
"gophernicus.org","70","/software/gophernicus/","1","obsolete                                       2017-Jun-24 18:57        -  ","/software/gophernicus/obsolete/"
"gophernicus.org","70","/software/gophernicus/","0","ChangeLog                                      2017-Jun-25 01:02    15.5 KB","/software/gophernicus/ChangeLog"
"gophernicus.org","70","/software/gophernicus/","0","INSTALL                                        2017-Jun-25 01:02     4.5 KB","/software/gophernicus/INSTALL"
"gophernicus.org","70","/software/gophernicus/","0","LICENSE                                        2017-Jun-25 01:02     1.3 KB","/software/gophernicus/LICENSE"
"gophernicus.org","70","/software/gophernicus/","0","README                                         2017-Jun-25 01:02    11.2 KB","/software/gophernicus/README"
"gophernicus.org","70","/software/gophernicus/","0","README.Gophermap                               2017-Jun-25 01:02     3.4 KB","/software/gophernicus/README.Gophermap"
"gophernicus.org","70","/software/gophernicus/","5","gophernicus-2.5.tar.gz                         2017-Jun-25 01:02    50.5 KB","/software/gophernicus/gophernicus-2.5.tar.gz"
"gophernicus.org","70","/software/gophernicus/","i","____________________________________________________________________________"
"gophernicus.org","70","/software/gophernicus/","i","                           Gophered by Gophernicus/2.5 on Debian/8.8 x86_64"
"gophernicus.org","70","/software/gophernicus/",".","Full Stop Received"
"gophernicus.org","70","/software/","i","[/software/]"
"gophernicus.org","70","/software/","i",""
"gophernicus.org","70","/software/","1","..                                                                         ","/"
"gophernicus.org","70","/software/","1","gopher                                         2010-Apr-19 08:29        -  ","/software/gopher/"
"gophernicus.org","70","/software/","1","patches                                        2010-Apr-13 08:49        -  ","/software/patches/"
"gophernicus.org","70","/software/","i","____________________________________________________________________________"
"gophernicus.org","70","/software/","i","                           Gophered by Gophernicus/2.5 on Debian/8.8 x86_64"
"gophernicus.org","70","/software/",".","Full Stop Received"
"gophernicus.org","70","/doc/gopher/","i","[/doc/gopher/]"
"gophernicus.org","70","/doc/gopher/","i",""
"gophernicus.org","70","/doc/gopher/","1","..                                                                         ","/doc/"
"gophernicus.org","70","/doc/gopher/","0","gopher+.txt                                    2010-Jan-11 09:47    34.5 KB","/doc/gopher/gopher+.txt"
"gophernicus.org","70","/doc/gopher/","0","gopher-caps.txt                                2010-Sep-11 08:44     5.8 KB","/doc/gopher/gopher-caps.txt"
"gophernicus.org","70","/doc/gopher/","0","gopher-faq.txt                                 2014-Jan-25 23:18    26.7 KB","/doc/gopher/gopher-faq.txt"
"gophernicus.org","70","/doc/gopher/","0","gopher-filetypes.txt                           2014-Feb-01 19:51     0.6 KB","/doc/gopher/gopher-filetypes.txt"
"gophernicus.org","70","/doc/gopher/","0","gopher-title-resource.txt                      2010-Apr-16 18:00     2.3 KB","/doc/gopher/gopher-title-resource.txt"
"gophernicus.org","70","/doc/gopher/","0","gophermap.txt                                  2010-Jan-11 09:47     3.1 KB","/doc/gopher/gophermap.txt"
"gophernicus.org","70","/doc/gopher/","0","gophertag.txt                                  2010-Sep-11 08:45     2.3 KB","/doc/gopher/gophertag.txt"
"gophernicus.org","70","/doc/gopher/","0","hURL.txt                                       2010-Jan-11 09:47     5.2 KB","/doc/gopher/hURL.txt"
"gophernicus.org","70","/doc/gopher/","0","haproxy-protocol.txt                           2016-Dec-20 12:15    43.6 KB","/doc/gopher/haproxy-protocol.txt"
"gophernicus.org","70","/doc/gopher/","0","rfc1436.txt                                    2010-Jan-11 09:47    35.6 KB","/doc/gopher/rfc1436.txt"
"gophernicus.org","70","/doc/gopher/","0","rfc3875.txt                                    2010-Jan-11 09:47    78.8 KB","/doc/gopher/rfc3875.txt"
"gophernicus.org","70","/doc/gopher/","0","rfc4266.txt                                    2010-Jan-11 09:47    11.8 KB","/doc/gopher/rfc4266.txt"
"gophernicus.org","70","/doc/gopher/","i","____________________________________________________________________________"
"gophernicus.org","70","/doc/gopher/","i","                           Gophered by Gophernicus/2.5 on Debian/8.8 x86_64"
"gophernicus.org","70","/doc/gopher/",".","Full Stop Received"
"gophernicus.org","70","/software/gophernicus/obsolete/","i","[/software/gophernicus/obsolete/]"
"gophernicus.org","70","/software/gophernicus/obsolete/","i",""
"gophernicus.org","70","/software/gophernicus/obsolete/","5","gophernicus-0.4.tar.gz                         2010-Mar-29 14:33    21.4 KB","/software/gophernicus/obsolete/gophernicus-0.4.tar.gz"
"gophernicus.org","70","/software/gophernicus/obsolete/","5","gophernicus-0.5.tar.gz                         2010-Apr-05 19:28    23.5 KB","/software/gophernicus/obsolete/gophernicus-0.5.tar.gz"
"gophernicus.org","70","/software/gophernicus/obsolete/","5","gophernicus-0.6.tar.gz                         2010-Apr-11 21:11    28.1 KB","/software/gophernicus/obsolete/gophernicus-0.6.tar.gz"
"gophernicus.org","70","/software/gophernicus/obsolete/","5","gophernicus-0.7.tar.gz                         2010-Apr-13 20:38    31.4 KB","/software/gophernicus/obsolete/gophernicus-0.7.tar.gz"
"gophernicus.org","70","/software/gophernicus/obsolete/","5","gophernicus-0.8.tar.gz                         2010-Apr-30 11:20    31.8 KB","/software/gophernicus/obsolete/gophernicus-0.8.tar.gz"
"gophernicus.org","70","/software/gophernicus/obsolete/","5","gophernicus-0.9.tar.gz                         2010-Jul-08 21:36    32.0 KB","/software/gophernicus/obsolete/gophernicus-0.9.tar.gz"
"gophernicus.org","70","/software/gophernicus/obsolete/","5","gophernicus-1.0.tar.gz                         2010-Oct-05 11:46    40.9 KB","/software/gophernicus/obsolete/gophernicus-1.0.tar.gz"
"gophernicus.org","70","/software/gophernicus/obsolete/","5","gophernicus-1.1.tar.gz                         2010-Dec-01 11:13    42.4 KB","/software/gophernicus/obsolete/gophernicus-1.1.tar.gz"
"gophernicus.org","70","/software/gophernicus/obsolete/","5","gophernicus-1.2.tar.gz                         2012-May-04 22:13    42.8 KB","/software/gophernicus/obsolete/gophernicus-1.2.tar.gz"
"gophernicus.org","70","/software/gophernicus/obsolete/","5","gophernicus-1.3.tar.gz                         2012-Jun-12 13:08    43.0 KB","/software/gophernicus/obsolete/gophernicus-1.3.tar.gz"
"gophernicus.org","70","/software/gophernicus/obsolete/","5","gophernicus-1.4.tar.gz                         2012-Dec-02 11:26    44.7 KB","/software/gophernicus/obsolete/gophernicus-1.4.tar.gz"
"gophernicus.org","70","/software/gophernicus/obsolete/","5","gophernicus-1.5.tar.gz                         2014-Jan-25 15:10    45.3 KB","/software/gophernicus/obsolete/gophernicus-1.5.tar.gz"
"gophernicus.org","70","/software/gophernicus/obsolete/","5","gophernicus-1.6.tar.gz                         2014-Nov-10 11:29    45.6 KB","/software/gophernicus/obsolete/gophernicus-1.6.tar.gz"
"gophernicus.org","70","/software/gophernicus/obsolete/","5","gophernicus-1.7.tar.gz                         2015-Mar-02 08:56    46.1 KB","/software/gophernicus/obsolete/gophernicus-1.7.tar.gz"
"gophernicus.org","70","/software/gophernicus/obsolete/","5","gophernicus-1.8.1.tar.gz                       2015-Oct-16 13:24    94.8 KB","/software/gophernicus/obsolete/gophernicus-1.8.1.tar.gz"
"gophernicus.org","70","/software/gophernicus/obsolete/","5","gophernicus-1.8.tar.gz                         2015-Sep-23 19:05    45.8 KB","/software/gophernicus/obsolete/gophernicus-1.8.tar.gz"
"gophernicus.org","70","/software/gophernicus/obsolete/","5","gophernicus-2.0.tar.gz                         2016-Sep-08 17:07    48.3 KB","/software/gophernicus/obsolete/gophernicus-2.0.tar.gz"
"gophernicus.org","70","/software/gophernicus/obsolete/","5","gophernicus-2.1.tar.gz                         2016-Nov-14 08:33    48.6 KB","/software/gophernicus/obsolete/gophernicus-2.1.tar.gz"
"gophernicus.org","70","/software/gophernicus/obsolete/","5","gophernicus-2.2.tar.gz                         2017-Feb-03 23:43    48.8 KB","/software/gophernicus/obsolete/gophernicus-2.2.tar.gz"
"gophernicus.org","70","/software/gophernicus/obsolete/","5","gophernicus-2.3.tar.gz                         2017-Feb-03 23:42    49.7 KB","/software/gophernicus/obsolete/gophernicus-2.3.tar.gz"
"gophernicus.org","70","/software/gophernicus/obsolete/","5","gophernicus-2.4.tar.gz                         2017-Jun-16 08:49    50.2 KB","/software/gophernicus/obsolete/gophernicus-2.4.tar.gz"
"gophernicus.org","70","/software/gophernicus/obsolete/","5","kgopherd-0.1.tar.gz                            2009-Dec-30 16:30    17.8 KB","/software/gophernicus/obsolete/kgopherd-0.1.tar.gz"
"gophernicus.org","70","/software/gophernicus/obsolete/","5","kgopherd-0.2.tar.gz                            2010-Jan-02 21:37    51.9 KB","/software/gophernicus/obsolete/kgopherd-0.2.tar.gz"
"gophernicus.org","70","/software/gophernicus/obsolete/","5","kgopherd-0.3.tar.gz                            2010-Jan-07 15:12    67.8 KB","/software/gophernicus/obsolete/kgopherd-0.3.tar.gz"
"gophernicus.org","70","/software/gophernicus/obsolete/","i","____________________________________________________________________________"
"gophernicus.org","70","/software/gophernicus/obsolete/","i","                           Gophered by Gophernicus/2.5 on Debian/8.8 x86_64"
"gophernicus.org","70","/software/gophernicus/obsolete/",".","Full Stop Received"
"gophernicus.org","70","/","i","Welcome to The Gophernicus Project!"
"gophernicus.org","70","/","i"," _______               __                      __"
"gophernicus.org","70","/","i","|     __|.-----.-----.|  |--.-----.----.-----.|__|.----.--.--.-----."
"gophernicus.org","70","/","i","|    |  ||  _  |  _  ||     |  -__|   _|     ||  ||  __|  |  |__ --|"
"gophernicus.org","70","/","i","|_______||_____|   __||__|__|_____|__| |__|__||__||____|_____|_____|"
"gophernicus.org","70","/","i","               |__|"
"gophernicus.org","70","/","i","The Gophernicus Project is a one-man mission to modernize gopher,"
"gophernicus.org","70","/","i","the precursor of the evil that is WWW. Oh look, shiny windmills!"
"gophernicus.org","70","/","i",""
"gophernicus.org","70","/","0","About this project","/about.txt"
"gophernicus.org","70","/","i",""
"gophernicus.org","70","/","0","What's my IP address?","/cgi-bin/whatsmyip"
"gophernicus.org","70","/","0","    * IPv4 address only","/cgi-bin/whatsmyip"
"gophernicus.org","70","/","0","    * IPv6 address only","/cgi-bin/whatsmyip"
"gophernicus.org","70","/","i",""
"gophernicus.org","70","/","i",""
"gophernicus.org","70","/","i",""
"gophernicus.org","70","/","i","We're not counting, but you're visitor number 20601."
"gophernicus.org","70","/","i","____________________________________________________________________________"
"gophernicus.org","70","/","i","                           Gophered by Gophernicus/2.5 on Debian/8.8 x86_64"
"gophernicus.org","70","/",".","Full Stop Received"
"gophernicus.org","70","/software/gopher/","i","[/software/gopher/]"
"gophernicus.org","70","/software/gopher/","i",""
"gophernicus.org","70","/software/gopher/","1","clients                                        2010-Apr-19 09:05        -  ","/software/gopher/clients/"
"gophernicus.org","70","/software/gopher/","1","servers                                        2013-May-09 12:23        -  ","/software/gopher/servers/"
"gophernicus.org","70","/software/gopher/","i","____________________________________________________________________________"
"gophernicus.org","70","/software/gopher/","i","                           Gophered by Gophernicus/2.5 on Debian/8.8 x86_64"
"gophernicus.org","70","/software/gopher/",".","Full Stop Received"
"gophernicus.org","70","/software/patches/","i","[/software/patches/]"
"gophernicus.org","70","/software/patches/","i",""
"gophernicus.org","70","/software/patches/","1","lynx                                           2010-Apr-16 16:58        -  ","/software/patches/lynx/"
"gophernicus.org","70","/software/patches/","1","mosaic                                         2010-Apr-16 16:58        -  ","/software/patches/mosaic/"
"gophernicus.org","70","/software/patches/","i","____________________________________________________________________________"
"gophernicus.org","70","/software/patches/","i","                           Gophered by Gophernicus/2.5 on Debian/8.8 x86_64"
"gophernicus.org","70","/software/patches/",".","Full Stop Received"
"gophernicus.org","70","/doc/","i","[/doc/]"
"gophernicus.org","70","/doc/","i",""
"gophernicus.org","70","/doc/","1","finger                                         2015-Dec-31 10:11        -  ","/doc/finger/"
"gophernicus.org","70","/doc/","i","____________________________________________________________________________"
"gophernicus.org","70","/doc/","i","                           Gophered by Gophernicus/2.5 on Debian/8.8 x86_64"
"gophernicus.org","70","/doc/",".","Full Stop Received"
