"gopherpedia.com","70","","i","                    _                              _ _       _"
"gopherpedia.com","70","","i","                   | |                            | (_)     | |"
"gopherpedia.com","70","","i","   __ _  ___  _ __ | |__   ___ _ __ _ __   ___  __| |_  __ _| |"
"gopherpedia.com","70","","i","  / _` |/ _ \| '_ \| '_ \ / _ \ '__| '_ \ / _ \/ _` | |/ _` | |"
"gopherpedia.com","70","","i"," | (_| | (_) | |_) | | | |  __/ |  | |_) |  __/ (_| | | (_| |_|"
"gopherpedia.com","70","","i","  \__, |\___/| .__/|_| |_|\___|_|  | .__/ \___|\__,_|_|\__,_(_)"
"gopherpedia.com","70","","i","   __/ |     | |                   | |"
"gopherpedia.com","70","","i","  |___/      |_|                   |_|"
"gopherpedia.com","70","","i",""
"gopherpedia.com","70","","i","Welcome to **Gopherpedia**, the gopher interface to Wikipedia. This is"
"gopherpedia.com","70","","i","a direct interface to wikipedia, you can search and read articles via"
"gopherpedia.com","70","","i","the search form below. Enjoy!"
"gopherpedia.com","70","","i",""
"gopherpedia.com","70","","1","more about gopherpedia","/about"
"gopherpedia.com","70","","i",""
"gopherpedia.com","70","","i",""
"gopherpedia.com","70","","i","Search gopherpedia:"
"gopherpedia.com","70","","7","Search Gopherpedia","/lookup"
"gopherpedia.com","70","","i","                           Featured Content"
"gopherpedia.com","70","","i","======================================================================"
"gopherpedia.com","70","","0","September 19, 2017: Isis","/Isis"
"gopherpedia.com","70","","0","September 18, 2017: Morchella rufobrunnea","/Morchella rufobrunnea"
"gopherpedia.com","70","","0","September 17, 2017: Development of Grand Theft Auto V","/Development of Grand Theft Auto V"
"gopherpedia.com","70","","0","September 16, 2017: Gumbo","/Gumbo"
"gopherpedia.com","70","","0","September 15, 2017: Eve (rapper)","/Eve (rapper)"
"gopherpedia.com","70","","0","September 14, 2017: Lost operas by Claudio Monteverdi","/Lost operas by Claudio Monteverdi"
"gopherpedia.com","70","","0","September 13, 2017: Si Ronda","/Si Ronda"
"gopherpedia.com","70","","0","September 12, 2017: Steve Biko","/Steve Biko"
"gopherpedia.com","70","","0","September 11, 2017: Benedict Arnold's expedition to Quebec","/Benedict Arnold's expedition to Quebec"
"gopherpedia.com","70","","0","September 10, 2017: North Eastern Railway War Memorial","/North Eastern Railway War Memorial"
"gopherpedia.com","70","","i",""
"gopherpedia.com","70","","i",""
"gopherpedia.com","70","","i","                             Recent pages"
"gopherpedia.com","70","","i","======================================================================"
"gopherpedia.com","70","","0","Almirante Latorre-class battleship","/Almirante Latorre-class battleship"
"gopherpedia.com","70","","0","Brave","/Brave"
"gopherpedia.com","70","","0","Intellipedia","/Intellipedia"
"gopherpedia.com","70","","0","Yesterday's Enterprise","/Yesterday's Enterprise"
"gopherpedia.com","70","","0","List of Twin Peaks episodes","/List of Twin Peaks episodes"
"gopherpedia.com","70","","0","The Chase (U.S. game show)","/The Chase (U.S. game show)"
"gopherpedia.com","70","","0","Development of Grand Theft Auto V","/Development of Grand Theft Auto V"
"gopherpedia.com","70","","0","Peter Tosh","/Peter Tosh"
"gopherpedia.com","70","","0","Pimp C","/Pimp C"
"gopherpedia.com","70","","0","Gumbo","/Gumbo"
"gopherpedia.com","70","","0","Sex","/Sex"
"gopherpedia.com","70","","0","robots.txt","/robots.txt"
"gopherpedia.com","70","","0","Development of Grand Theft Auto V","/Development of Grand Theft Auto V"
"gopherpedia.com","70","","0","Canada","/Canada"
"gopherpedia.com","70","","0","Canada","/Canada"
"gopherpedia.com","70","","0","Xx (album)","/Xx (album)"
"gopherpedia.com","70","","0","Xx (album)","/Xx (album)"
"gopherpedia.com","70","","0","Xx (album)","/Xx (album)"
"gopherpedia.com","70","","0","The Fly (1958 film)","/The Fly (1958 film)"
"gopherpedia.com","70","","0","Development of Grand Theft Auto V","/Development of Grand Theft Auto V"
"gopherpedia.com","70","","i",""
"gopherpedia.com","70","","i",""
"gopherpedia.com","70","","i",""
"gopherpedia.com","70","","i",""
"gopherpedia.com","70","","i",""
"gopherpedia.com","70","","i",""
"gopherpedia.com","70","","i","Powered by Gopher 2000, a Muffinlabs Production"
"gopherpedia.com","70","",".","Full Stop Received"
"gopherpedia.com","70","/about","i","   _____             _               _"
"gopherpedia.com","70","/about","i","  / ____|           | |             | |"
"gopherpedia.com","70","/about","i"," | |  __  ___  _ __ | |__   ___ _ __| |"
"gopherpedia.com","70","/about","i"," | | |_ |/ _ \| '_ \| '_ \ / _ \ '__| |"
"gopherpedia.com","70","/about","i"," | |__| | (_) | |_) | | | |  __/ |  |_|"
"gopherpedia.com","70","/about","i","  \_____|\___/| .__/|_| |_|\___|_|  (_)"
"gopherpedia.com","70","/about","i","              | |"
"gopherpedia.com","70","/about","i","              |_|"
"gopherpedia.com","70","/about","i",""
"gopherpedia.com","70","/about","i","In 1991, the Gopher protocol was born -- a method of searching for and"
"gopherpedia.com","70","/about","i","distributing information on the Internet. Gopher was intended to be"
"gopherpedia.com","70","/about","i","easy to implement and use, and for a little while, it was very"
"gopherpedia.com","70","/about","i","popular."
"gopherpedia.com","70","/about","i",""
"gopherpedia.com","70","/about","i","Of course, HTTP and the World Wide Web launched right around that"
"gopherpedia.com","70","/about","i","time, and it wasn't long before the Web was proven to be a better"
"gopherpedia.com","70","/about","i","platform. Gopher has survived to this day, but the WWW reigns supreme."
"gopherpedia.com","70","/about","i",""
"gopherpedia.com","70","/about","i","Despite its lack of popularity, Gopher is still an awesome protocol -"
"gopherpedia.com","70","/about","i","it's extremely hackable and fun to work on. People like to put random"
"gopherpedia.com","70","/about","i","stuff on their gopher servers -- their blog, articles they write, etc."
"gopherpedia.com","70","/about","i","I decided that I wanted to write an interface to the single greatest"
"gopherpedia.com","70","/about","i","source of information on the Internet -- Wikipedia."
"gopherpedia.com","70","/about","i",""
"gopherpedia.com","70","/about","i","So, I built Gopherpedia. It runs on Gopher2000"
"gopherpedia.com","70","/about","i","(https://github.com/muffinista/gopher2000), a Ruby library I wrote for"
"gopherpedia.com","70","/about","i","developing Gopher services. The web proxy to Gopherpedia is GoPHPer"
"gopherpedia.com","70","/about","i","(https://github.com/muffinista/gophper-proxy), which I also wrote."
"gopherpedia.com","70","/about","i",""
"gopherpedia.com","70","/about","0","more about the Gopher protocol","Gopher (protocol)"
"gopherpedia.com","70","/about","h","gopher2000 - a ruby gopher server","URL:http://github.com/muffinista/gopher2000"
"gopherpedia.com","70","/about","h","gophper-proxy - a modern PHP gopher proxy","URL:http://github.com/muffinista/gophper-proxy"
"gopherpedia.com","70","/about","i",""
"gopherpedia.com","70","/about","1","back to gopherpedia","/"
"gopherpedia.com","70","/about",".","Full Stop Received"
"gopherpedia.com","70","/","i","                    _                              _ _       _"
"gopherpedia.com","70","/","i","                   | |                            | (_)     | |"
"gopherpedia.com","70","/","i","   __ _  ___  _ __ | |__   ___ _ __ _ __   ___  __| |_  __ _| |"
"gopherpedia.com","70","/","i","  / _` |/ _ \| '_ \| '_ \ / _ \ '__| '_ \ / _ \/ _` | |/ _` | |"
"gopherpedia.com","70","/","i"," | (_| | (_) | |_) | | | |  __/ |  | |_) |  __/ (_| | | (_| |_|"
"gopherpedia.com","70","/","i","  \__, |\___/| .__/|_| |_|\___|_|  | .__/ \___|\__,_|_|\__,_(_)"
"gopherpedia.com","70","/","i","   __/ |     | |                   | |"
"gopherpedia.com","70","/","i","  |___/      |_|                   |_|"
"gopherpedia.com","70","/","i",""
"gopherpedia.com","70","/","i","Welcome to **Gopherpedia**, the gopher interface to Wikipedia. This is"
"gopherpedia.com","70","/","i","a direct interface to wikipedia, you can search and read articles via"
"gopherpedia.com","70","/","i","the search form below. Enjoy!"
"gopherpedia.com","70","/","i",""
"gopherpedia.com","70","/","i",""
"gopherpedia.com","70","/","i",""
"gopherpedia.com","70","/","i","Search gopherpedia:"
"gopherpedia.com","70","/","7","Search Gopherpedia","/lookup"
"gopherpedia.com","70","/","i","                           Featured Content"
"gopherpedia.com","70","/","i","======================================================================"
"gopherpedia.com","70","/","0","September 19, 2017: Isis","/Isis"
"gopherpedia.com","70","/","0","September 18, 2017: Morchella rufobrunnea","/Morchella rufobrunnea"
"gopherpedia.com","70","/","0","September 17, 2017: Development of Grand Theft Auto V","/Development of Grand Theft Auto V"
"gopherpedia.com","70","/","0","September 16, 2017: Gumbo","/Gumbo"
"gopherpedia.com","70","/","0","September 15, 2017: Eve (rapper)","/Eve (rapper)"
"gopherpedia.com","70","/","0","September 14, 2017: Lost operas by Claudio Monteverdi","/Lost operas by Claudio Monteverdi"
"gopherpedia.com","70","/","0","September 13, 2017: Si Ronda","/Si Ronda"
"gopherpedia.com","70","/","0","September 12, 2017: Steve Biko","/Steve Biko"
"gopherpedia.com","70","/","0","September 11, 2017: Benedict Arnold's expedition to Quebec","/Benedict Arnold's expedition to Quebec"
"gopherpedia.com","70","/","0","September 10, 2017: North Eastern Railway War Memorial","/North Eastern Railway War Memorial"
"gopherpedia.com","70","/","i",""
"gopherpedia.com","70","/","i",""
"gopherpedia.com","70","/","i","                             Recent pages"
"gopherpedia.com","70","/","i","======================================================================"
"gopherpedia.com","70","/","0","Almirante Latorre-class battleship","/Almirante Latorre-class battleship"
"gopherpedia.com","70","/","0","Brave","/Brave"
"gopherpedia.com","70","/","0","Intellipedia","/Intellipedia"
"gopherpedia.com","70","/","0","Yesterday's Enterprise","/Yesterday's Enterprise"
"gopherpedia.com","70","/","0","List of Twin Peaks episodes","/List of Twin Peaks episodes"
"gopherpedia.com","70","/","0","The Chase (U.S. game show)","/The Chase (U.S. game show)"
"gopherpedia.com","70","/","0","Development of Grand Theft Auto V","/Development of Grand Theft Auto V"
"gopherpedia.com","70","/","0","Peter Tosh","/Peter Tosh"
"gopherpedia.com","70","/","0","Pimp C","/Pimp C"
"gopherpedia.com","70","/","0","Gumbo","/Gumbo"
"gopherpedia.com","70","/","0","Sex","/Sex"
"gopherpedia.com","70","/","0","robots.txt","/robots.txt"
"gopherpedia.com","70","/","0","Development of Grand Theft Auto V","/Development of Grand Theft Auto V"
"gopherpedia.com","70","/","0","Canada","/Canada"
"gopherpedia.com","70","/","0","Canada","/Canada"
"gopherpedia.com","70","/","0","Xx (album)","/Xx (album)"
"gopherpedia.com","70","/","0","Xx (album)","/Xx (album)"
"gopherpedia.com","70","/","0","Xx (album)","/Xx (album)"
"gopherpedia.com","70","/","0","The Fly (1958 film)","/The Fly (1958 film)"
"gopherpedia.com","70","/","0","Development of Grand Theft Auto V","/Development of Grand Theft Auto V"
"gopherpedia.com","70","/","i",""
"gopherpedia.com","70","/","i",""
"gopherpedia.com","70","/","i",""
"gopherpedia.com","70","/","i",""
"gopherpedia.com","70","/","i",""
"gopherpedia.com","70","/","i",""
"gopherpedia.com","70","/","i","Powered by Gopher 2000, a Muffinlabs Production"
"gopherpedia.com","70","/",".","Full Stop Received"
