"gopher.floodgap.com","70","","i","Welcome to Floodgap Systems' official gopher server."
"gopher.floodgap.com","70","","i","Floodgap has served the gopher community since 1999"
"gopher.floodgap.com","70","","i","(formerly gopher.ptloma.edu). ** OVER 15 YEARS SERVING YOU! **"
"gopher.floodgap.com","70","","i"," "
"gopher.floodgap.com","70","","i","Welcome users of gopherproject.org -- we are now maintaining"
"gopher.floodgap.com","70","","i","that domain as an alias."
"gopher.floodgap.com","70","","i"," "
"gopher.floodgap.com","70","","i","We run Bucktooth 0.2.9 on xinetd as our server system."
"gopher.floodgap.com","70","","i","gopher.floodgap.com is an IBM Power 520 Express with a 2-way"
"gopher.floodgap.com","70","","i","4.2GHz POWER6 CPU and 8GB of RAM, running AIX 6.1 +patches."
"gopher.floodgap.com","70","","i","Send gopher@floodgap.com your questions and suggestions."
"gopher.floodgap.com","70","","i"," "
"gopher.floodgap.com","70","","i","***********************************************************"
"gopher.floodgap.com","70","","i","**       CELEBRATING GOPHER'S 25 YEAR ANNIVERSARY!       **"
"gopher.floodgap.com","70","","i","**               Plain text is beautiful!                **"
"gopher.floodgap.com","70","","i","***********************************************************"
"gopher.floodgap.com","70","","i"," "
"gopher.floodgap.com","70","","0","Does this gopher menu look correct?","/gopher/proxy"
"gopher.floodgap.com","70","","i","(plus using the Floodgap Public Gopher Proxy)"
"gopher.floodgap.com","70","","i","Get your own Gopherspace and shell account!"
"gopher.floodgap.com","70","","i"," "
"gopher.floodgap.com","70","","i","--- Getting started with Gopher -----------------------------------"
"gopher.floodgap.com","70","","1","Getting started with gopher, software, more","/gopher"
"gopher.floodgap.com","70","","i","(what is Gopherspace? We tell you! And find out how"
"gopher.floodgap.com","70","","i","to create your own Gopher world!)"
"gopher.floodgap.com","70","","i"," "
"gopher.floodgap.com","70","","0","Using your web browser to explore Gopherspace","/gopher/wbgopher"
"gopher.floodgap.com","70","","i","(READ IT! LEARN IT! LOVE IT!)"
"gopher.floodgap.com","70","","i","(useful tips for gopher newbies, updated 14 April 2015)"
"gopher.floodgap.com","70","","i"," "
"gopher.floodgap.com","70","","1","The Overbite Project: Gopher clients for mobile and desktop (OverbiteFF, Overbite Android)","/overbite"
"gopher.floodgap.com","70","","i","(download gopher add-ons for Mozilla Firefox/SeaMonkey,"
"gopher.floodgap.com","70","","i","mobile clients for Android and more! Put Gopherspace on"
"gopher.floodgap.com","70","","i","your mobile phone or desktop computer!)"
"gopher.floodgap.com","70","","1","Other Gopher clients for various platforms","/gopher/clients"
"gopher.floodgap.com","70","","i"," "
"gopher.floodgap.com","70","","i","--- Find and search for other Gopher sites on the Internet --------"
"gopher.floodgap.com","70","","1","Search Gopherspace with Veronica-2","/v2"
"gopher.floodgap.com","70","","i","or search all known titles in Gopherspace with V-2 from here:"
"gopher.floodgap.com","70","","7","Search Veronica-2","/v2/vs"
"gopher.floodgap.com","70","","i"," "
"gopher.floodgap.com","70","","1","All the gopher servers in the world (that we know of)","/world"
"gopher.floodgap.com","70","","i","(updated with robot updates)"
"gopher.floodgap.com","70","","1","New Gopher servers since 1999","/new"
"gopher.floodgap.com","70","","i","(updated 12 September 2017)"
"gopher.floodgap.com","70","","i"," "
"gopher.floodgap.com","70","","i","--- Get news, weather and more through Gopherspace ----------------"
"gopher.floodgap.com","70","","1","Weather maps and forecasts via Floodgap Groundhog","/groundhog"
"gopher.floodgap.com","70","","i","(USA and Australia; updates occur throughout the day)"
"gopher.floodgap.com","70","","1","News and headline feeds via Flood Feeds","/feeds"
"gopher.floodgap.com","70","","i","(updates occur daily/regularly)"
"gopher.floodgap.com","70","","1","Most current Floodgap news feeds","/feeds/latest"
"gopher.floodgap.com","70","","i","(today's most updated news and headlines)"
"gopher.floodgap.com","70","","0","Caltrans California highway conditions","/calroads"
"gopher.floodgap.com","70","","i","(hourly updates on California highway conditions)"
"gopher.floodgap.com","70","","i","(updated on access)"
"gopher.floodgap.com","70","","i"," "
"gopher.floodgap.com","70","","i","--- File archives and downloads -----------------------------------"
"gopher.floodgap.com","70","","1","Floodgap File Archives and Mirrors","/archive"
"gopher.floodgap.com","70","","i","(includes external archives and historical files,"
"gopher.floodgap.com","70","","i","Walnut Creek CP/M-Osborne-Commodore-Beehive archives,"
"gopher.floodgap.com","70","","i","Info-Mac, classic Mac software and more)"
"gopher.floodgap.com","70","","i"," "
"gopher.floodgap.com","70","","i","--- Fun, games, and other neat things -----------------------------"
"gopher.floodgap.com","70","","1","Floodgap Gopher Fun and Games","/fun"
"gopher.floodgap.com","70","","i","(with xkcd, the Gopher Figlet gateway and the fld.gp Gopher"
"gopher.floodgap.com","70","","i"," Shortener Service)"
"gopher.floodgap.com","70","","1","Floodgap users and staff gopher pages","/users"
"gopher.floodgap.com","70","","i","(the usual gang of idiots)"
"gopher.floodgap.com","70","","1","The New GopherVR: A Virtual Reality View of Gopherspace","/gophervr"
"gopher.floodgap.com","70","","i","(version 0.5.1 released 24 October 2015)"
"gopher.floodgap.com","70","","i"," "
"gopher.floodgap.com","70","","i","--- Server software behind the scenes -----------------------------"
"gopher.floodgap.com","70","","1","The Bucktooth gopher server","/buck"
"gopher.floodgap.com","70","","i","(version 0.2.9 released 1 May 2011)"
"gopher.floodgap.com","70","","i"," "
"gopher.floodgap.com","70","","i","--- Gopherspace advocacy and activism -----------------------------"
"gopher.floodgap.com","70","","1","Floodgap Gopher Statistics Project","/gstats"
"gopher.floodgap.com","70","","i","(monthly traffic analysis of the Floodgap Public Gopher Proxy"
"gopher.floodgap.com","70","","i","for community advocacy purposes; updates monthly)"
"gopher.floodgap.com","70","","i"," "
"gopher.floodgap.com","70","","i","--- Floodgap specific ---------------------------------------------"
"gopher.floodgap.com","70","","0","Yes, gopher.floodgap.com is the same as gopher.ptloma.edu","/ptloma"
"gopher.floodgap.com","70","","1","The Floodgap Free Software License","/ffsl"
"gopher.floodgap.com","70","","0","Where's Floodgap? (not for hatemail ;-)","/whereis"
"gopher.floodgap.com","70","","0","What's the temperature in the Floodgap server room?","/servertemps.txt"
"gopher.floodgap.com","70","","0","/usr/bin/tail our gopher server log","/recent"
"gopher.floodgap.com","70","","0","RIP, Master gopher at University of Minnesota","/umngone"
"gopher.floodgap.com","70","","h","Floodgap.com (Web pages)","URL:http://www.floodgap.com/"
"gopher.floodgap.com","70","","i"," "
"gopher.floodgap.com","70","","i","Please note that this gopher is now an independent"
"gopher.floodgap.com","70","","i","entity and is no longer affiliated with Point Loma"
"gopher.floodgap.com","70","","i","Nazarene University."
"gopher.floodgap.com","70","",".","Full Stop Received"
"gopher.floodgap.com","70","/gopher","1","Floodgap Systems gopher root","/"
"gopher.floodgap.com","70","/gopher","i"," "
"gopher.floodgap.com","70","/gopher","i","Welcome to Gopherspace!"
"gopher.floodgap.com","70","/gopher","i","These documents and files should help you get started with"
"gopher.floodgap.com","70","/gopher","i","using and creating gopher content."
"gopher.floodgap.com","70","/gopher","i"," "
"gopher.floodgap.com","70","/gopher","0","Does this gopher menu look correct?","/gopher/proxy"
"gopher.floodgap.com","70","/gopher","i"," "
"gopher.floodgap.com","70","/gopher","i","-- All about gopher -----------------------------------------------"
"gopher.floodgap.com","70","/gopher","0","A Brief Introduction to Gopherspace -- READ ME FIRST!","/gopher/welcome"
"gopher.floodgap.com","70","/gopher","0","Why is gopher still relevant?","/gopher/relevance.txt"
"gopher.floodgap.com","70","/gopher","i"," "
"gopher.floodgap.com","70","/gopher","i","Thinking of it like that, a method of easily serving directories"
"gopher.floodgap.com","70","/gopher","i","of data, rather than a scaled down web makes the whole thing more"
"gopher.floodgap.com","70","/gopher","i","appealing I think. -- Rob Sayers"
"gopher.floodgap.com","70","/gopher","i"," "
"gopher.floodgap.com","70","/gopher","0","Robert Bigelow: Gopher & Gopherspace","/users/rbigelo/gopher.txt"
"gopher.floodgap.com","70","/gopher","i"," "
"gopher.floodgap.com","70","/gopher","0","Wired 08/2010: The Web Is Dead. Long Live The Internet.","/gopher/webisdead.txt"
"gopher.floodgap.com","70","/gopher","i","(Wired 08/2010. We'll take this down if Wired objects.)"
"gopher.floodgap.com","70","/gopher","i"," "
"gopher.floodgap.com","70","/gopher","0","The creators of Gopherspace at UMN (Star Tribune 11/5/01)","/gopher/StarTribune.txt"
"gopher.floodgap.com","70","/gopher","i"," "
"gopher.floodgap.com","70","/gopher","0","Using your web browser to explore Gopherspace","/gopher/wbgopher"
"gopher.floodgap.com","70","/gopher","i","(and why you shouldn't use Internet Explorer)"
"gopher.floodgap.com","70","/gopher","i","(download Overbite clients for your operating system"
"gopher.floodgap.com","70","/gopher","i","or browser, including Firefox!)"
"gopher.floodgap.com","70","/gopher","i"," "
"gopher.floodgap.com","70","/gopher","i","-- Creating your own gopher ---------------------------------------"
"gopher.floodgap.com","70","/gopher","i","Create your own gopherspace and come forward into the past!"
"gopher.floodgap.com","70","/gopher","i"," "
"gopher.floodgap.com","70","/gopher","i","Don't have your own server? Create it for free at SDF! Or, if you"
"gopher.floodgap.com","70","/gopher","i","have your own Unix machine with Perl, install"
"gopher.floodgap.com","70","/gopher","i"," "
"gopher.floodgap.com","70","/gopher","i","Then get started creating your own content. Take a look at the"
"gopher.floodgap.com","70","/gopher","1","The Gopher Toybox: sample gophermaps to create your own server","/gopher/toybox"
"gopher.floodgap.com","70","/gopher","i","to download a sample set of files you can modify yourself!"
"gopher.floodgap.com","70","/gopher","i","This is public domain."
"gopher.floodgap.com","70","/gopher","i"," "
"gopher.floodgap.com","70","/gopher","i","-- Share your gopherspace -----------------------------------------"
"gopher.floodgap.com","70","/gopher","i","Now that it's running, tell everyone about it!"
"gopher.floodgap.com","70","/gopher","i"," "
"gopher.floodgap.com","70","/gopher","i","Get a dual-purpose social media link with the fld.gp shortener:"
"gopher.floodgap.com","70","/gopher","i"," "
"gopher.floodgap.com","70","/gopher","i","Did you just put a completely new server online?"
"gopher.floodgap.com","70","/gopher","i","Tell us about your new server and Veronica will come index it:"
"gopher.floodgap.com","70","/gopher","i"," "
"gopher.floodgap.com","70","/gopher","i","-- Reference documentation ----------------------------------------"
"gopher.floodgap.com","70","/gopher","1","Technical specifications, RFCs, documents","/gopher/tech"
"gopher.floodgap.com","70","/gopher","i"," "
"gopher.floodgap.com","70","/gopher","i","** Points to ponder:"
"gopher.floodgap.com","70","/gopher","i"," "
"gopher.floodgap.com","70","/gopher","i","[We] like to consider the hundreds of interconnected"
"gopher.floodgap.com","70","/gopher","i","Gopher servers to be one large distributed entity; thus,"
"gopher.floodgap.com","70","/gopher","i","we speak of the Gopher, with its many small parts,"
"gopher.floodgap.com","70","/gopher","i","spread throughout the Internet. The Gopher is always"
"gopher.floodgap.com","70","/gopher","i","growing, always changing. It's everywhere, but you can't"
"gopher.floodgap.com","70","/gopher","i","locate it; it's always there, but you can't see it. ..."
"gopher.floodgap.com","70","/gopher","i","The Gopher is the largest and most practical example of"
"gopher.floodgap.com","70","/gopher","i","applied pantheism in the history of mankind."
"gopher.floodgap.com","70","/gopher","i","      Hahn; Stout. The Internet Complete Reference (1994)"
"gopher.floodgap.com","70","/gopher",".","Full Stop Received"
"gopher.floodgap.com","70","/overbite","i","          "
"gopher.floodgap.com","70","/overbite","i","      _|_|_  _       _     _ _         +------------------------+"
"gopher.floodgap.com","70","/overbite","i","       |_| |(/_     | |   (_) |        |                        |"
"gopher.floodgap.com","70","/overbite","i","  _____   _____ _ __| |__  _| |_ ___   |  Bringing gopher back  |"
"gopher.floodgap.com","70","/overbite","i"," / _ \ \ / / _ \ '__| '_ \| | __/ _ \  |  to today's operating  |"
"gopher.floodgap.com","70","/overbite","i","| (_) \ V /  __/ |  | |_) | | ||  __/  |  systems and browsers  |"
"gopher.floodgap.com","70","/overbite","i"," \___/ \_/ \___|_|  |_.__/|_|\__\___|  |                        |"
"gopher.floodgap.com","70","/overbite","i","                  ._ .__ o _  __|_     +------------------------+"
"gopher.floodgap.com","70","/overbite","i","                  |_)|(_)|(/_(_ |_ "
"gopher.floodgap.com","70","/overbite","i","                  |     _|             Hosted by Floodgap Systems"
"gopher.floodgap.com","70","/overbite","i"," "
"gopher.floodgap.com","70","/overbite","i","Welcome to the Overbite Project @ Floodgap Systems, bringing"
"gopher.floodgap.com","70","/overbite","i","gopher to your modern operating system or browser! Continue to"
"gopher.floodgap.com","70","/overbite","i","access current and legacy resources in Gopherspace right from"
"gopher.floodgap.com","70","/overbite","i","your modern computer, within your favourite browser, and even"
"gopher.floodgap.com","70","/overbite","i","on your compatible mobile phone! Overbite client software is"
"gopher.floodgap.com","70","/overbite","i","designed to be cross-platform and fully integrated."
"gopher.floodgap.com","70","/overbite","i"," "
"gopher.floodgap.com","70","/overbite","i","All Overbite software is free and open-source."
"gopher.floodgap.com","70","/overbite","i"," "
"gopher.floodgap.com","70","/overbite","i","** Why should you still use Gopher? We explain:"
"gopher.floodgap.com","70","/overbite","0","Why is Gopher still relevant?","/gopher/relevance.txt"
"gopher.floodgap.com","70","/overbite","i"," "
"gopher.floodgap.com","70","/overbite","1","Look at Overbite gopher client screenshots!","/overbite/ss"
"gopher.floodgap.com","70","/overbite","i"," "
"gopher.floodgap.com","70","/overbite","i","Downloads:"
"gopher.floodgap.com","70","/overbite","i","---------"
"gopher.floodgap.com","70","/overbite","1","Install Overbite on your platform","/overbite/install"
"gopher.floodgap.com","70","/overbite","i","Overbite is available as OverbiteFF for Mozilla Firefox 38+,"
"gopher.floodgap.com","70","/overbite","i","TenFourFox and SeaMonkey, and Overbite Android for Android"
"gopher.floodgap.com","70","/overbite","i","1.5 through 5.0."
"gopher.floodgap.com","70","/overbite","i","Unsupported versions are still available for Firefox 2"
"gopher.floodgap.com","70","/overbite","i","through 37."
"gopher.floodgap.com","70","/overbite","i"," "
"gopher.floodgap.com","70","/overbite","1","Browse all Overbite files and skins","/overbite/files"
"gopher.floodgap.com","70","/overbite","i"," "
"gopher.floodgap.com","70","/overbite","i","Documentation:"
"gopher.floodgap.com","70","/overbite","i","-------------"
"gopher.floodgap.com","70","/overbite","1","Overbite Plugin/Add-on Manual for Mozilla Firefox and SeaMonkey","/overbite/dbrowse?pluginm"
"gopher.floodgap.com","70","/overbite","i"," "
"gopher.floodgap.com","70","/overbite","i","Use of Overbite Project software indicates your acceptance of"
"gopher.floodgap.com","70","/overbite","i","all specified license terms."
"gopher.floodgap.com","70","/overbite","i"," "
"gopher.floodgap.com","70","/overbite","h","Overbite Project web page (WWW)","URL:http://gopher.floodgap.com/overbite/"
"gopher.floodgap.com","70","/overbite","i"," "
"gopher.floodgap.com","70","/overbite","i","Also check out"
"gopher.floodgap.com","70","/overbite","h","PocketGopher: a MIDlet gopher client for J2ME mobile phones","URL:http://felix.plesoianu.ro/index.php/page:Software:PocketGopher"
"gopher.floodgap.com","70","/overbite",".","Full Stop Received"
"gopher.floodgap.com","70","/gopher/clients","i"," "
"gopher.floodgap.com","70","/gopher/clients","i","This section specifically covers legacy clients. If you're"
"gopher.floodgap.com","70","/gopher/clients","i","looking for our Firefox or Android clients, see"
"gopher.floodgap.com","70","/gopher/clients","i","And if you're feeling particularly brave, try out"
"gopher.floodgap.com","70","/gopher/clients","i"," "
"gopher.floodgap.com","70","/gopher/clients","i","All software is freeware or shareware to the best of our knowledge."
"gopher.floodgap.com","70","/gopher/clients","i","If this is not the case, please contact"
"gopher.floodgap.com","70","/gopher/clients","i"," "
"gopher.floodgap.com","70","/gopher/clients","i","        gopher@floodgap.com"
"gopher.floodgap.com","70","/gopher/clients","i"," "
"gopher.floodgap.com","70","/gopher/clients","i","and we will remove the program."
"gopher.floodgap.com","70","/gopher/clients","i"," "
"gopher.floodgap.com","70","/gopher/clients","i","Also check out the public FTP at"
"gopher.floodgap.com","70","/gopher/clients","i"," "
"gopher.floodgap.com","70","/gopher/clients","i","        ftp://boombox.micro.umn.edu/pub/gopher/"
"gopher.floodgap.com","70","/gopher/clients","i"," "
"gopher.floodgap.com","70","/gopher/clients","i","for other goodies."
"gopher.floodgap.com","70","/gopher/clients","i"," "
"gopher.floodgap.com","70","/gopher/clients","1","Clients for generic Windows (Win3.1, Win95 and up)","/gopher/clients/win"
"gopher.floodgap.com","70","/gopher/clients","1","Clients for Macintosh, including GopherVR","/gopher/clients/mac"
"gopher.floodgap.com","70","/gopher/clients","i","(this is the original Mac Classic GopherVR)"
"gopher.floodgap.com","70","/gopher/clients","1","Clients for Unix and other platforms, in source form","/gopher/clients/src"
"gopher.floodgap.com","70","/gopher/clients","1","Clients for Commodore 64","/gopher/clients/c64"
"gopher.floodgap.com","70","/gopher/clients","i"," "
"gopher.floodgap.com","70","/gopher/clients","1","Patch to enable Gopher in IE6","/gopher/clients/ie6"
"gopher.floodgap.com","70","/gopher/clients",".","Full Stop Received"
"gopher.floodgap.com","70","/v2","i"," "
"gopher.floodgap.com","70","/v2","i","Welcome to Veronica-2, the reincarnated Gopher"
"gopher.floodgap.com","70","/v2","i","search engine!"
"gopher.floodgap.com","70","/v2","i"," "
"gopher.floodgap.com","70","/v2","i","Veronica-2 covers 4.9 million selectors and growing"
"gopher.floodgap.com","70","/v2","i","(approximately 91 of Gopherspace according to"
"gopher.floodgap.com","70","/v2","i","our best estimates)."
"gopher.floodgap.com","70","/v2","i"," "
"gopher.floodgap.com","70","/v2","i","We strongly recommend reading the help files"
"gopher.floodgap.com","70","/v2","i","before you begin. Floodgap Systems takes no"
"gopher.floodgap.com","70","/v2","i","responsibility for the quality or content of"
"gopher.floodgap.com","70","/v2","i","matches found using V-2."
"gopher.floodgap.com","70","/v2","i"," "
"gopher.floodgap.com","70","/v2","7","Search Veronica-2","/v2/vs"
"gopher.floodgap.com","70","/v2","1","Help files and how to search with Veronica-2","/v2/help"
"gopher.floodgap.com","70","/v2","0","About the indexer","/v2/help/indexer"
"gopher.floodgap.com","70","/v2","i"," "
"gopher.floodgap.com","70","/v2","0","V-2 statistics","/v2/vstat"
"gopher.floodgap.com","70","/v2","i","(Last time of update and server status)"
"gopher.floodgap.com","70","/v2","i"," "
"gopher.floodgap.com","70","/v2","i"," "
"gopher.floodgap.com","70","/v2","h","FLASH: Archie marries Veronica (WWW)","URL:http://www.nydailynews.com/entertainment/arts/2009/08/19/2009-08-19_sorry_betty_archie_proposes_to_veronica.html"
"gopher.floodgap.com","70","/v2","i"," "
"gopher.floodgap.com","70","/v2",".","Full Stop Received"
"gopher.floodgap.com","70","/world","i"," "
"gopher.floodgap.com","70","/world","i","All the gopher servers (that we know of)"
"gopher.floodgap.com","70","/world","i"," "
"gopher.floodgap.com","70","/world","i","As the Veronica-2 robot patrols Gopherspace, it logs"
"gopher.floodgap.com","70","/world","i","all the gopher servers it encounters here, along with"
"gopher.floodgap.com","70","/world","i","statistics on how many selectors it has found at that"
"gopher.floodgap.com","70","/world","i","server so far."
"gopher.floodgap.com","70","/world","i"," "
"gopher.floodgap.com","70","/world","i","This data is extracted directly off V-2's MySQL database,"
"gopher.floodgap.com","70","/world","i","so it is constantly up-to-date with the robot's progress."
"gopher.floodgap.com","70","/world","i"," "
"gopher.floodgap.com","70","/world","i","Send questions to gopher@floodgap.com."
"gopher.floodgap.com","70","/world","i"," "
"gopher.floodgap.com","70","/world","1","Greatest hits: most recently verified gopher servers","/world/last-hit"
"gopher.floodgap.com","70","/world","i","(most recently verified sites, new and old)"
"gopher.floodgap.com","70","/world","i","Newest gopher servers (some are pending addition to"
"gopher.floodgap.com","70","/world","i","the database)"
"gopher.floodgap.com","70","/world","i"," "
"gopher.floodgap.com","70","/world","i"," "
"gopher.floodgap.com","70","/world","1","Top-Level .com, .net, .info, .land, .org","/world/search-hosts?com net info land org"
"gopher.floodgap.com","70","/world","1","U.S. Academic, Government, Military Servers (.edu, .gov, .mil)","/world/search-hosts?edu gov mil"
"gopher.floodgap.com","70","/world","1","North America (.ca, .us)","/world/search-hosts?ca us"
"gopher.floodgap.com","70","/world","1","Central and South America","/world/search-hosts?ar co mx pe br"
"gopher.floodgap.com","70","/world","1","Europe","/world/search-hosts?at be ch cr cz de dk ee eu fi fr gr hr hu is it lt me nl es no pl pt ro ru se su ua uk"
"gopher.floodgap.com","70","/world","1","Africa, Australasia, Asia, Pacific Rim","/world/search-hosts?au cn hk jp nz tk th tm tw cx za"
"gopher.floodgap.com","70","/world",".","Full Stop Received"
"gopher.floodgap.com","70","/new","i"," "
"gopher.floodgap.com","70","/new","i","If you've installed a Gopher server after 1999, we'd love to list"
"gopher.floodgap.com","70","/new","i","new Gophers here. (This list is now resorted to put newest servers"
"gopher.floodgap.com","70","/new","i","on the top.)"
"gopher.floodgap.com","70","/new","i"," "
"gopher.floodgap.com","70","/new","i","Please note that these links go to servers that are not maintained"
"gopher.floodgap.com","70","/new","i","by Floodgap and no opinion is expressed over the content therein."
"gopher.floodgap.com","70","/new","i","Your use is at your own risk."
"gopher.floodgap.com","70","/new","i"," "
"gopher.floodgap.com","70","/new","i","List your gopher resource here by mailing gopher@floodgap.com."
"gopher.floodgap.com","70","/new","i","Please also report any dead servers listed. Servers that do not"
"gopher.floodgap.com","70","/new","i","have DNS or reliable connections will be periodically purged."
"gopher.floodgap.com","70","/new","i"," "
"gopher.floodgap.com","70","/new","i","You can also see the most actively tested and verified servers as"
"gopher.floodgap.com","70","/new","i","Veronica-2 crawls them:"
"gopher.floodgap.com","70","/new","i"," "
"gopher.floodgap.com","70","/new","i","** NOTE: new links listed here may not yet be available for search"
"gopher.floodgap.com","70","/new","i","in Veronica-2 or in the global database. **"
"gopher.floodgap.com","70","/new","i"," "
"gopher.floodgap.com","70","/new",".","Full Stop Received"
"gopher.floodgap.com","70","/groundhog","i"," "
"gopher.floodgap.com","70","/groundhog","i","-- REMEMBER, OUR SHADOW MEANS YOU GET SIX MORE WEEKS OF WINTER! --"
"gopher.floodgap.com","70","/groundhog","i","  ____  ____it's___the__ __  ____   ___    __ __   ___    ____  tm"
"gopher.floodgap.com","70","/groundhog","i"," /    T|    \  /   \ |  T  T|    \ |   \  |  T  T /   \  /    T !!"
"gopher.floodgap.com","70","/groundhog","i","Y   __j|  D  )Y     Y|  |  ||  _  Y|    \ |  l  |Y     YY   __j !!"
"gopher.floodgap.com","70","/groundhog","i","|  T  ||    / |  O  ||  |  ||  |  ||  D  Y|  _  ||  O  ||  T  | !!"
"gopher.floodgap.com","70","/groundhog","i","|  l_ ||    \ |     ||  :  ||  |  ||     ||  |  ||     ||  l_ | !!"
"gopher.floodgap.com","70","/groundhog","i","|     ||  .  Yl     !l     ||  |  ||     ||  |  |l     !|     | "
"gopher.floodgap.com","70","/groundhog","i","l_____jl__j\_j \___/  \__,_jl__j__jl_____jl__j__j \___/ l_____j <> "
"gopher.floodgap.com","70","/groundhog","i"," ... @ Floodgap.com ... in the spirit of Weather Underground ...."
"gopher.floodgap.com","70","/groundhog","i"," "
"gopher.floodgap.com","70","/groundhog","0","Terms of usage","/groundhog/benice"
"gopher.floodgap.com","70","/groundhog","i","Floodgap Weather Groundhog is intended for end users, not other"
"gopher.floodgap.com","70","/groundhog","i","services! Please use our upstream sources yourself."
"gopher.floodgap.com","70","/groundhog","i"," "
"gopher.floodgap.com","70","/groundhog","i","---- current observations (NWS/NOAA) ----"
"gopher.floodgap.com","70","/groundhog","0","Current weather conditions for selected world cities","/groundhog/obsg?i"
"gopher.floodgap.com","70","/groundhog","i"," "
"gopher.floodgap.com","70","/groundhog","i","---- USA forecasts (NWS/NOAA) ----"
"gopher.floodgap.com","70","/groundhog","7","Weather forecasts by zipcode for United States","/groundhog/usa/zipcode"
"gopher.floodgap.com","70","/groundhog","i"," "
"gopher.floodgap.com","70","/groundhog","1","Regional weather forecasts for United States by state/region","/groundhog/usa/forecast"
"gopher.floodgap.com","70","/groundhog","0","Weather forecasts for selected United States cities","/groundhog/natsum"
"gopher.floodgap.com","70","/groundhog","i"," "
"gopher.floodgap.com","70","/groundhog","i","---- Australia forecasts (BOM) ----"
"gopher.floodgap.com","70","/groundhog","1","Local and regional weather forecasts for Australia","/groundhog/au/forecast"
"gopher.floodgap.com","70","/groundhog","i","(EXPERIMENTAL!)"
"gopher.floodgap.com","70","/groundhog","i"," "
"gopher.floodgap.com","70","/groundhog","i","---- USA current observations (Floodgap) ----"
"gopher.floodgap.com","70","/groundhog","0","Current weather conditions at Floodgap (Greater Los Angeles, CA)","/groundhog/ws"
"gopher.floodgap.com","70","/groundhog","i"," "
"gopher.floodgap.com","70","/groundhog","0","Current weather conditions for western United States","/groundhog/obsg?uw"
"gopher.floodgap.com","70","/groundhog","0","Current weather conditions for eastern United States","/groundhog/obsg?ue"
"gopher.floodgap.com","70","/groundhog","0","Current weather conditions for central United States","/groundhog/obsg?uc"
"gopher.floodgap.com","70","/groundhog","i"," "
"gopher.floodgap.com","70","/groundhog","i","---- USA national maps (NWS/NOAA) ----"
"gopher.floodgap.com","70","/groundhog","g","National United States high temperature forecast weather map","/groundhog/usa/highmap"
"gopher.floodgap.com","70","/groundhog","g","National United States low temperature forecast weather map","/groundhog/usa/lowmap"
"gopher.floodgap.com","70","/groundhog","i"," "
"gopher.floodgap.com","70","/groundhog","i","---- USA radar maps and weather warnings (NWS/NOAA) ----"
"gopher.floodgap.com","70","/groundhog","1","United States NEXRAD radar maps and severe weather warnings","/groundhog/usa/radar"
"gopher.floodgap.com","70","/groundhog","i"," "
"gopher.floodgap.com","70","/groundhog","i","Please report weirdness to gopher@floodgap.com. "
"gopher.floodgap.com","70","/groundhog","i"," "
"gopher.floodgap.com","70","/groundhog","i","Most weather products are cached for two hours and refreshed"
"gopher.floodgap.com","70","/groundhog","i","upon access thereafter. Network issues may affect retention."
"gopher.floodgap.com","70","/groundhog",".","Full Stop Received"
"gopher.floodgap.com","70","/feeds","i"," "
"gopher.floodgap.com","70","/feeds","i","_____________ Floodgap  ________________ Gopher  _________   (tm)"
"gopher.floodgap.com","70","/feeds","i","___  __/__  /_________________  /__  __/_______________  /_______"
"gopher.floodgap.com","70","/feeds","i","__  /_ __  /_  __ \  __ \  __  /__  /_ _  _ \  _ \  __  /__  ___/"
"gopher.floodgap.com","70","/feeds","i","_  __/ _  / / /_/ / /_/ / /_/ / _  __/ /  __/  __/ /_/ / _(__  ) "
"gopher.floodgap.com","70","/feeds","i","/_/    /_/  \____/\____/\__,_/  /_/    \___/\___/\__,_/  /____/  "
"gopher.floodgap.com","70","/feeds","i","-----------------------------------------------------------------"
"gopher.floodgap.com","70","/feeds","i","  ALL THE NEWS THAT FITS BETWEEN THE GAP IN OUR TWO FRONT TEETH"
"gopher.floodgap.com","70","/feeds","i","-----------------------------------------------------------------"
"gopher.floodgap.com","70","/feeds","i","Welcome to the Feeds at the Floodgap Gopherspace, where public"
"gopher.floodgap.com","70","/feeds","i","domain and freely distributable news feeds are unpacked, archived"
"gopher.floodgap.com","70","/feeds","i","and made searchable and browseable. MOST FEEDS UPDATED DAILY!!"
"gopher.floodgap.com","70","/feeds","i","Always more to come! Report weirdness to gopher@floodgap.com."
"gopher.floodgap.com","70","/feeds","i"," "
"gopher.floodgap.com","70","/feeds","i","NB: Posted date is relative to when the feed was updated, and"
"gopher.floodgap.com","70","/feeds","i","may not be the same as the date the article was actually written."
"gopher.floodgap.com","70","/feeds","i"," "
"gopher.floodgap.com","70","/feeds","0","Suggest a resource for FloodFeeds","/feeds/suggest"
"gopher.floodgap.com","70","/feeds","0","The Fine Print: FloodFeeds disclaimer","/feeds/disclaimer"
"gopher.floodgap.com","70","/feeds","i"," "
"gopher.floodgap.com","70","/feeds","i","-- Available feeds: --"
"gopher.floodgap.com","70","/feeds","1","Most current Floodgap feed articles (48 hours)","/feeds/today"
"gopher.floodgap.com","70","/feeds","i"," "
"gopher.floodgap.com","70","/feeds","1","Voice of America Headline News (USA)","/feeds/browser?voaheadlines"
"gopher.floodgap.com","70","/feeds","1","Democracy Now! News and Headlines (USA)","/feeds/browser?democracynow"
"gopher.floodgap.com","70","/feeds","1","TidBITS Macintosh News (USA)","/feeds/browser?tidbits"
"gopher.floodgap.com","70","/feeds","1","Wikinews Headline News (International)","/feeds/browser?wikinews"
"gopher.floodgap.com","70","/feeds","i"," "
"gopher.floodgap.com","70","/feeds","i","Also check out"
"gopher.floodgap.com","70","/feeds","i","for up to date national and international weather, and"
"gopher.floodgap.com","70","/feeds","i","for comics and panels updated regularly through the week!"
"gopher.floodgap.com","70","/feeds",".","Full Stop Received"
"gopher.floodgap.com","70","/feeds/latest","i",""
"gopher.floodgap.com","70","/feeds/latest","i","Latest available articles for feeds we offer."
"gopher.floodgap.com","70","/feeds/latest","i","The most recently updated feed source is at the top."
"gopher.floodgap.com","70","/feeds/latest","i","Posted date is relative to feed and may not reflect the article."
"gopher.floodgap.com","70","/feeds/latest","i",""
"gopher.floodgap.com","70","/feeds/latest","1","TidBITS Macintosh News (USA) for September 19, 2017","/feeds/tidbits/2017/Sep/19"
"gopher.floodgap.com","70","/feeds/latest","1","Voice of America Headline News (USA) for September 19, 2017","/feeds/voaheadlines/2017/Sep/19"
"gopher.floodgap.com","70","/feeds/latest","1","Democracy Now! News and Headlines (USA) for September 19, 2017","/feeds/democracynow/2017/Sep/19"
"gopher.floodgap.com","70","/feeds/latest","1","Wikinews Headline News (International) for September 18, 2017","/feeds/wikinews/2017/Sep/18"
"gopher.floodgap.com","70","/feeds/latest","1","P2PNet Technology News and Headlines (Canada) for May 15, 2012","/feeds/p2pnet/2012/May/15"
