"i-logout.cz","70","","i","Welcome to "
"i-logout.cz","70","","i",""
"i-logout.cz","70","","i","         ########################"
"i-logout.cz","70","","i","          # Logout's Gopherspace #"
"i-logout.cz","70","","i","           ########################"
"i-logout.cz","70","","i",""
"i-logout.cz","70","","i","This is my personal corner of gopherpace, which became operational"
"i-logout.cz","70","","i","on June 18, 2011 and has been visited 35328 times since then."
"i-logout.cz","70","","i","It's brought to you by Motsognir running on a virtual x86_64 server"
"i-logout.cz","70","","i","with CentOS GNU/Linux. It's been 8 days since the last reboot."
"i-logout.cz","70","","i",""
"i-logout.cz","70","","i","Since this is probably the only gopher server running on cz domain, "
"i-logout.cz","70","","i","you can find here content in english as well as in czech language."
"i-logout.cz","70","","i","I hope you like it here."
"i-logout.cz","70","","i",""
"i-logout.cz","70","","0","If you want to know what's new, see changelog.","/changelog.txt"
"i-logout.cz","70","","i","----------------------------------------------------------------------"
"i-logout.cz","70","","i","      | English section |"
"i-logout.cz","70","","i","----------------------------------------------------------------------"
"i-logout.cz","70","","1","About me","/en/about_me/"
"i-logout.cz","70","","i","Few words about who I am and why this gopher hole exists."
"i-logout.cz","70","","1","My pnut stream","/en/pnut/"
"i-logout.cz","70","","i","Short text posts from my daily life, brought to you by pnut.io."
"i-logout.cz","70","","1","Phlog","/en/phlog/"
"i-logout.cz","70","","i","What is blog for web, is phlog for gopher. Longer, not so frequent"
"i-logout.cz","70","","i","posts with retro/alternative-computing topics."
"i-logout.cz","70","","1","Guestbook","/en/guestbook/"
"i-logout.cz","70","","i","Gopher is interactive! If you like it here, leave me a short note."
"i-logout.cz","70","","i",""
"i-logout.cz","70","","i","NEW! ~ HOT! ~ NEW! ~ HOT! ~ NEW! ~ HOT! ~ NEW! ~ HOT! ~ NEW! ~ HOT!"
"i-logout.cz","70","","i",""
"i-logout.cz","70","","1","Bongusta!","/en/bongusta/"
"i-logout.cz","70","","i","Phlog aggregator. See the current buzz across the gopherspace."
"i-logout.cz","70","","i",""
"i-logout.cz","70","","i","NEW! ~ HOT! ~ NEW! ~ HOT! ~ NEW! ~ HOT! ~ NEW! ~ HOT! ~ NEW! ~ HOT!"
"i-logout.cz","70","","i",""
"i-logout.cz","70","","1","Weather","/en/weather/"
"i-logout.cz","70","","i","Local weather in the Czech Republic"
"i-logout.cz","70","","1","Other gopher servers worth visiting","/en/world/"
"i-logout.cz","70","","i","My favorite gopher holes out there."
"i-logout.cz","70","","1","My computer collection","/en/computers/"
"i-logout.cz","70","","i","I like old and alternative (non-wintel) computers. This is list "
"i-logout.cz","70","","i","of computers, cell phones, palmtops and handhelds in my possession."
"i-logout.cz","70","","1","Collection of old software","/software/"
"i-logout.cz","70","","i","Some old software for various platforms, that could be hard to find"
"i-logout.cz","70","","i","in the vast space of contemporary world wide web. "
"i-logout.cz","70","","i","----------------------------------------------------------------------"
"i-logout.cz","70","","i","      | Ceska sekce |"
"i-logout.cz","70","","i","----------------------------------------------------------------------"
"i-logout.cz","70","","1","Zpravy","/cz/zpravy/"
"i-logout.cz","70","","1","Informace o pocasi v Evrope","/cz/evropa/"
"i-logout.cz","70","","1","Informace o pocasi ve svete","/cz/svet/"
"i-logout.cz","70","","1","Predpoved pocasi pro CR na dnesek a zitrek","/cz/48h/"
"i-logout.cz","70","","1","Predpoved pocasi pro CR na nasledujicich 7 dni","/cz/tyden/"
"i-logout.cz","70","","1","Meteorologicke mapy","/cz/mapy/"
"i-logout.cz","70","",".","Full Stop Received"
"i-logout.cz","70","/en/about_me/","1","Back to the root menu of Logout's Gopherspace","/"
"i-logout.cz","70","/en/about_me/","i",""
"i-logout.cz","70","/en/about_me/","i","----------------------------------------------------------------------"
"i-logout.cz","70","/en/about_me/","i","      | Basic info |"
"i-logout.cz","70","/en/about_me/","i","----------------------------------------------------------------------"
"i-logout.cz","70","/en/about_me/","i","Name           |  Martin Kukac (The character c is written with caron"
"i-logout.cz","70","/en/about_me/","i","               |  and is pronounced like the english ch in the word"
"i-logout.cz","70","/en/about_me/","i","               |  chocolate)"
"i-logout.cz","70","/en/about_me/","i","Age            |  33 and counting"
"i-logout.cz","70","/en/about_me/","i","Location       |  Lysa nad Labem, Czech Republic (near N50.2, E14.85)"
"i-logout.cz","70","/en/about_me/","i","Family status  |  married, one child (son)"
"i-logout.cz","70","/en/about_me/","i","Education      |  University of Economics, Prague"
"i-logout.cz","70","/en/about_me/","i","               |  Faculty of Informatics and Statistics"
"i-logout.cz","70","/en/about_me/","i","               |    - bachelor's degree:"
"i-logout.cz","70","/en/about_me/","i","               |            Corporate Information Systems"
"i-logout.cz","70","/en/about_me/","i","               |    - master's degree:"
"i-logout.cz","70","/en/about_me/","i","               |            Information Management (major)"
"i-logout.cz","70","/en/about_me/","i","               |            Modern History (minor)"
"i-logout.cz","70","/en/about_me/","i","Occupation     |  application manager"
"i-logout.cz","70","/en/about_me/","i","E-mail         |  logout128@gmail.com"
"i-logout.cz","70","/en/about_me/","i","----------------------------------------------------------------------"
"i-logout.cz","70","/en/about_me/","i","      | Daily computing |"
"i-logout.cz","70","/en/about_me/","i","----------------------------------------------------------------------"
"i-logout.cz","70","/en/about_me/","i","Desktop        |  PowerMac G5 dual 2.0GHz, 4GB RAM, 320+160GB HDD"
"i-logout.cz","70","/en/about_me/","i","               |  Radeon 9650, 24 Dell IPS LCD (1920x1200)"
"i-logout.cz","70","/en/about_me/","i","               |  Mac OS X 10.5.8"
"i-logout.cz","70","/en/about_me/","i","               |  hostname marseille"
"i-logout.cz","70","/en/about_me/","i","Laptop         |  14 HP EliteBook 6930p"
"i-logout.cz","70","/en/about_me/","i","               |  6 GB RAM, 120 GB SSD"
"i-logout.cz","70","/en/about_me/","i","               |  Slackware 14.2 64bit + xfce"
"i-logout.cz","70","/en/about_me/","i","               |  hostname bordeaux"
"i-logout.cz","70","/en/about_me/","i","Netbook        |  10 Acer AspireOne D255, Intel Atom "
"i-logout.cz","70","/en/about_me/","i","               |  2 GB RAM, 64 GB SSD"
"i-logout.cz","70","/en/about_me/","i","               |  Slackware 14.2 32bit + dwm"
"i-logout.cz","70","/en/about_me/","i","               |  hostname ineker"
"i-logout.cz","70","/en/about_me/","i","Phone          |  Doogee X5 Max Pro"
"i-logout.cz","70","/en/about_me/","i","               |  5.5 1280x270 IPS LCD"
"i-logout.cz","70","/en/about_me/","i","               |  16GB internal storage"
"i-logout.cz","70","/en/about_me/","i","----------------------------------------------------------------------"
"i-logout.cz","70","/en/about_me/","i","      | Why gopher? |"
"i-logout.cz","70","/en/about_me/","i","----------------------------------------------------------------------"
"i-logout.cz","70","/en/about_me/","i","In the world where even size of most simple webpages is counted in "
"i-logout.cz","70","/en/about_me/","i","megabytes, gopher is beautiful way to share information with almost"
"i-logout.cz","70","/en/about_me/","i","no overhead. No matter if I read gopher from 25-year-old machine with "
"i-logout.cz","70","/en/about_me/","i","a 68000 CPU or my smartphone, gopher is always performing better."
"i-logout.cz","70","/en/about_me/","i","And that's why I wanted to have my own gopherspace and be part of "
"i-logout.cz","70","/en/about_me/","i","this world."
"i-logout.cz","70","/en/about_me/",".","Full Stop Received"
"i-logout.cz","70","/en/pnut/","i",""
"i-logout.cz","70","/en/pnut/","i","----------------------------------------------------------------------"
"i-logout.cz","70","/en/pnut/","i","      | What's up? |"
"i-logout.cz","70","/en/pnut/","i","----------------------------------------------------------------------"
"i-logout.cz","70","/en/pnut/","i","Here is my pnut feed, where you can find,  what I'm currently up to."
"i-logout.cz","70","/en/pnut/","i","Brought to you by pnut.io API, parsed realtime from JSON data."
"i-logout.cz","70","/en/pnut/","i","----------------------------------------------------------------------"
"i-logout.cz","70","/en/pnut/","i",""
"i-logout.cz","70","/en/pnut/","i","18.09.2017, 03:34 That was a great weekend in Kaplice, South"
"i-logout.cz","70","/en/pnut/","i","Bohemia. We had there a small ZX Spectrum meeting there, after six"
"i-logout.cz","70","/en/pnut/","i","years. "
"i-logout.cz","70","/en/pnut/","i","----------------------------------------------------------------------"
"i-logout.cz","70","/en/pnut/","i","12.09.2017, 18:49 Being extremely productive on my PowerMac G5. Just"
"i-logout.cz","70","/en/pnut/","i","the usual."
"i-logout.cz","70","/en/pnut/","i","----------------------------------------------------------------------"
"i-logout.cz","70","/en/pnut/","i","11.09.2017, 13:40 Visited local flea market on Saturday after more"
"i-logout.cz","70","/en/pnut/","i","than six months and bought two brand new Symbol MC50 handhelds"
"i-logout.cz","70","/en/pnut/","i","(rugged PocketPC + laser barcode scanner) and Iomega Jaz Traveler"
"i-logout.cz","70","/en/pnut/","i","for less than ten bucks. Nice."
"i-logout.cz","70","/en/pnut/","i","----------------------------------------------------------------------"
"i-logout.cz","70","/en/pnut/","i","01.09.2017, 20:59 Anyone from Croatia here? If so: you have a"
"i-logout.cz","70","/en/pnut/","i","beautiful country!"
"i-logout.cz","70","/en/pnut/","i","----------------------------------------------------------------------"
"i-logout.cz","70","/en/pnut/","i","19.08.2017, 09:43 Thirty three tabs in TenFourFox and just three"
"i-logout.cz","70","/en/pnut/","i","quarters of a gigabyte of RAM used."
"i-logout.cz","70","/en/pnut/","i","----------------------------------------------------------------------"
"i-logout.cz","70","/en/pnut/","i","16.08.2017, 17:54 TenFourFoxBoxing like I never stopped!"
"i-logout.cz","70","/en/pnut/","i","----------------------------------------------------------------------"
"i-logout.cz","70","/en/pnut/","i","15.08.2017, 08:19 I wonder if it's possible to sync data between"
"i-logout.cz","70","/en/pnut/","i","Pale Moon and TenFourFox. Probably not, sadly."
"i-logout.cz","70","/en/pnut/","i","----------------------------------------------------------------------"
"i-logout.cz","70","/en/pnut/","i","14.08.2017, 19:49 Also: switched from Beta to JellyTime!, because it"
"i-logout.cz","70","/en/pnut/","i","has an exclamation mark in the name and because it works in"
"i-logout.cz","70","/en/pnut/","i","TenFourFox/PaleMoon."
"i-logout.cz","70","/en/pnut/","i","----------------------------------------------------------------------"
"i-logout.cz","70","/en/pnut/","i","14.08.2017, 19:49 Today I powered my PowerMac G5 after couple of"
"i-logout.cz","70","/en/pnut/","i","weeks (couple of couples to be precise, life's not giving me much"
"i-logout.cz","70","/en/pnut/","i","free time right now). It's like my 70's watch: not all parts are"
"i-logout.cz","70","/en/pnut/","i","original, there certainly are more modern options, but this is such"
"i-logout.cz","70","/en/pnut/","i","fun."
"i-logout.cz","70","/en/pnut/","i","----------------------------------------------------------------------"
"i-logout.cz","70","/en/pnut/","i","03.08.2017, 17:13 Twenty aggregated phlogs on Bongusta! And they say"
"i-logout.cz","70","/en/pnut/","i","Gopher is a dead protool."
"i-logout.cz","70","/en/pnut/","i","----------------------------------------------------------------------"
"i-logout.cz","70","/en/pnut/",".","Full Stop Received"
"i-logout.cz","70","/en/phlog/","i",""
"i-logout.cz","70","/en/phlog/","i","----------------------------------------------------------------------"
"i-logout.cz","70","/en/phlog/","i","      | Phlog |"
"i-logout.cz","70","/en/phlog/","i","----------------------------------------------------------------------"
"i-logout.cz","70","/en/phlog/","i","Here you can find my posts mostly about retrocomputing, programming,"
"i-logout.cz","70","/en/phlog/","i","geocaching, broadcasting in the free CB and PMR446 bands and other"
"i-logout.cz","70","/en/phlog/","i","stuff I do in my free time. Enjoy!"
"i-logout.cz","70","/en/phlog/","i","----------------------------------------------------------------------"
"i-logout.cz","70","/en/phlog/","i","      | 2017 |"
"i-logout.cz","70","/en/phlog/","i","----------------------------------------------------------------------"
"i-logout.cz","70","/en/phlog/","0","August (2017/08/06)","/en/phlog/08-2017-phlog.txt"
"i-logout.cz","70","/en/phlog/","i","----------------------------------------------------------------------"
"i-logout.cz","70","/en/phlog/","i","      | Archives |"
"i-logout.cz","70","/en/phlog/","i","----------------------------------------------------------------------"
"i-logout.cz","70","/en/phlog/","i",""
"i-logout.cz","70","/en/phlog/","1","Year 2016","/en/phlog/archive_2016/"
"i-logout.cz","70","/en/phlog/","1","Year 2015","/en/phlog/archive_2015/"
"i-logout.cz","70","/en/phlog/","1","Year 2014","/en/phlog/archive_2014/"
"i-logout.cz","70","/en/phlog/","1","Year 2012","/en/phlog/archive_2012/"
"i-logout.cz","70","/en/phlog/","1","Year 2011","/en/phlog/archive_2011/"
"i-logout.cz","70","/en/phlog/","i",""
"i-logout.cz","70","/en/phlog/",".","Full Stop Received"
"i-logout.cz","70","/en/guestbook/","i",""
"i-logout.cz","70","/en/guestbook/","i","---------------------------------------------------------------------"
"i-logout.cz","70","/en/guestbook/","i","      | Guestbook |"
"i-logout.cz","70","/en/guestbook/","i","---------------------------------------------------------------------"
"i-logout.cz","70","/en/guestbook/","i","If you wish, you can leave me short note in this guestbook. Feel free"
"i-logout.cz","70","/en/guestbook/","i","to comment anything you like or dislike here. Just select Create"
"i-logout.cz","70","/en/guestbook/","i","new guestbook entry and type your message. Don't forget to sign it."
"i-logout.cz","70","/en/guestbook/","i","When posting, bear in mind basic rules of netiquette, or I will have"
"i-logout.cz","70","/en/guestbook/","i","to use my privilege to moderate your post."
"i-logout.cz","70","/en/guestbook/","7","Create new guestbook entry","/en/guestbook"
"i-logout.cz","70","/en/guestbook/","0","Read the guestbook","/en/guestbook/posts.txt"
"i-logout.cz","70","/en/guestbook/",".","Full Stop Received"
"i-logout.cz","70","/en/bongusta/","i"," ____   __         ____        ________      ___"
"i-logout.cz","70","/en/bongusta/","i","|    \ /  \ |\   ||     |    |/     |   /\  |   |"
"i-logout.cz","70","/en/bongusta/","i","|____//    \| \  ||  __ |    |\___  |  /__\  \ /"
"i-logout.cz","70","/en/bongusta/","i","|    \\    /|  \ ||    ||    |    \ | /    \  V "
"i-logout.cz","70","/en/bongusta/","i","|____/ \__/ |   \||____| \__/ ____/ |/      \ @"
"i-logout.cz","70","/en/bongusta/","i","=============== yummy stuff from gopherspace ===="
"i-logout.cz","70","/en/bongusta/","i",""
"i-logout.cz","70","/en/bongusta/","i","There is  a script, that crawls gopherspace every"
"i-logout.cz","70","/en/bongusta/","i","day and  if you make  a change  to your phlog, it"
"i-logout.cz","70","/en/bongusta/","i","will see it  with  its  mighty eye. Here  you can"
"i-logout.cz","70","/en/bongusta/","i","find, what it saw. "
"i-logout.cz","70","/en/bongusta/","i",""
"i-logout.cz","70","/en/bongusta/","1","Now aggregating 23 phlogs!","/en/bongusta/list/"
"i-logout.cz","70","/en/bongusta/","i",""
"i-logout.cz","70","/en/bongusta/","i","2017/09/18"
"i-logout.cz","70","/en/bongusta/","i"," "
"i-logout.cz","70","/en/bongusta/","i","2017/09/17"
"i-logout.cz","70","/en/bongusta/","i"," "
"i-logout.cz","70","/en/bongusta/","i","2017/09/16"
"i-logout.cz","70","/en/bongusta/","i"," "
"i-logout.cz","70","/en/bongusta/","i","2017/09/15"
"i-logout.cz","70","/en/bongusta/","i"," "
"i-logout.cz","70","/en/bongusta/","i","2017/09/14"
"i-logout.cz","70","/en/bongusta/","i"," "
"i-logout.cz","70","/en/bongusta/","i","2017/09/13"
"i-logout.cz","70","/en/bongusta/","i"," "
"i-logout.cz","70","/en/bongusta/","i","2017/09/12"
"i-logout.cz","70","/en/bongusta/","i"," "
"i-logout.cz","70","/en/bongusta/","i","2017/09/11"
"i-logout.cz","70","/en/bongusta/","i"," "
"i-logout.cz","70","/en/bongusta/","i","2017/09/10"
"i-logout.cz","70","/en/bongusta/","i"," "
"i-logout.cz","70","/en/bongusta/","i","2017/09/09"
"i-logout.cz","70","/en/bongusta/","i"," "
"i-logout.cz","70","/en/bongusta/","i","2017/09/08"
"i-logout.cz","70","/en/bongusta/","i"," "
"i-logout.cz","70","/en/bongusta/","i","2017/09/07"
"i-logout.cz","70","/en/bongusta/","i"," "
"i-logout.cz","70","/en/bongusta/","i","2017/09/06"
"i-logout.cz","70","/en/bongusta/","i"," "
"i-logout.cz","70","/en/bongusta/","i","2017/09/05"
"i-logout.cz","70","/en/bongusta/","i"," "
"i-logout.cz","70","/en/bongusta/","i","2017/09/04"
"i-logout.cz","70","/en/bongusta/","i"," "
"i-logout.cz","70","/en/bongusta/","i","2017/09/03"
"i-logout.cz","70","/en/bongusta/","i"," "
"i-logout.cz","70","/en/bongusta/","i","2017/09/02"
"i-logout.cz","70","/en/bongusta/","i"," "
"i-logout.cz","70","/en/bongusta/","i","2017/09/01"
"i-logout.cz","70","/en/bongusta/","i"," "
"i-logout.cz","70","/en/bongusta/","i","2017/08/31"
"i-logout.cz","70","/en/bongusta/","i"," "
"i-logout.cz","70","/en/bongusta/","i","2017/08/30"
"i-logout.cz","70","/en/bongusta/","i"," "
"i-logout.cz","70","/en/bongusta/","i","2017/08/29"
"i-logout.cz","70","/en/bongusta/","i"," "
"i-logout.cz","70","/en/bongusta/","i","2017/08/28"
"i-logout.cz","70","/en/bongusta/","i"," "
"i-logout.cz","70","/en/bongusta/","i","2017/08/27"
"i-logout.cz","70","/en/bongusta/","i"," "
"i-logout.cz","70","/en/bongusta/","i","2017/08/26"
"i-logout.cz","70","/en/bongusta/","i"," "
"i-logout.cz","70","/en/bongusta/","i","2017/08/25"
"i-logout.cz","70","/en/bongusta/","i"," "
"i-logout.cz","70","/en/bongusta/","i","2017/08/24"
"i-logout.cz","70","/en/bongusta/","i"," "
"i-logout.cz","70","/en/bongusta/","i","2017/08/23"
"i-logout.cz","70","/en/bongusta/","i"," "
"i-logout.cz","70","/en/bongusta/","i","2017/08/22"
"i-logout.cz","70","/en/bongusta/","i"," "
"i-logout.cz","70","/en/bongusta/","i","2017/08/21"
"i-logout.cz","70","/en/bongusta/","i"," "
"i-logout.cz","70","/en/bongusta/","i","2017/08/20"
"i-logout.cz","70","/en/bongusta/","i"," "
"i-logout.cz","70","/en/bongusta/","i","2017/08/19"
"i-logout.cz","70","/en/bongusta/","i"," "
"i-logout.cz","70","/en/bongusta/","i","2017/08/18"
"i-logout.cz","70","/en/bongusta/","i"," "
"i-logout.cz","70","/en/bongusta/","i","2017/08/17"
"i-logout.cz","70","/en/bongusta/","i"," "
"i-logout.cz","70","/en/bongusta/","i","2017/08/16"
"i-logout.cz","70","/en/bongusta/","i"," "
"i-logout.cz","70","/en/bongusta/","i","2017/08/15"
"i-logout.cz","70","/en/bongusta/","i"," "
"i-logout.cz","70","/en/bongusta/","i","2017/08/14"
"i-logout.cz","70","/en/bongusta/","i"," "
"i-logout.cz","70","/en/bongusta/","i","2017/08/13"
"i-logout.cz","70","/en/bongusta/","i"," "
"i-logout.cz","70","/en/bongusta/","i","2017/08/12"
"i-logout.cz","70","/en/bongusta/","i"," "
"i-logout.cz","70","/en/bongusta/","i","2017/08/11"
"i-logout.cz","70","/en/bongusta/","i"," "
"i-logout.cz","70","/en/bongusta/","i","2017/08/10"
"i-logout.cz","70","/en/bongusta/","i"," "
"i-logout.cz","70","/en/bongusta/","i","2017/08/09"
"i-logout.cz","70","/en/bongusta/","i"," "
"i-logout.cz","70","/en/bongusta/","i","2017/08/08"
"i-logout.cz","70","/en/bongusta/","i"," "
"i-logout.cz","70","/en/bongusta/","i","2017/08/07"
"i-logout.cz","70","/en/bongusta/","i"," "
"i-logout.cz","70","/en/bongusta/","i","2017/08/06"
"i-logout.cz","70","/en/bongusta/","i"," "
"i-logout.cz","70","/en/bongusta/","i","2017/08/05"
"i-logout.cz","70","/en/bongusta/","i"," "
"i-logout.cz","70","/en/bongusta/","i","2017/08/04"
"i-logout.cz","70","/en/bongusta/","i"," "
"i-logout.cz","70","/en/bongusta/","i","2017/08/03"
"i-logout.cz","70","/en/bongusta/","i"," "
"i-logout.cz","70","/en/bongusta/","i","2017/08/02"
"i-logout.cz","70","/en/bongusta/","i"," "
"i-logout.cz","70","/en/bongusta/","i","2017/08/01"
"i-logout.cz","70","/en/bongusta/","i"," "
"i-logout.cz","70","/en/bongusta/","i","2017/07/31"
"i-logout.cz","70","/en/bongusta/","i"," "
"i-logout.cz","70","/en/bongusta/","i","2017/07/30"
"i-logout.cz","70","/en/bongusta/","i"," "
"i-logout.cz","70","/en/bongusta/","i","2017/07/27"
"i-logout.cz","70","/en/bongusta/","i"," "
"i-logout.cz","70","/en/bongusta/",".","Full Stop Received"
"i-logout.cz","70","/en/weather/","i",""
"i-logout.cz","70","/en/weather/","i","----------------------------------------------------------------------"
"i-logout.cz","70","/en/weather/","i","      | Weather in the Czech Republic |"
"i-logout.cz","70","/en/weather/","i","----------------------------------------------------------------------"
"i-logout.cz","70","/en/weather/","i","Here are meteograms of three biggest czech cities and two not so big,"
"i-logout.cz","70","/en/weather/","i","but somehow interresting to me. Meteograms are provided by graph.no"
"i-logout.cz","70","/en/weather/","i","via finger protocol and all data are from Norwegian Weather Service."
"i-logout.cz","70","/en/weather/","i","----------------------------------------------------------------------"
"i-logout.cz","70","/en/weather/","i","       | Prague |"
"i-logout.cz","70","/en/weather/","i","----------------------------------------------------------------------"
"i-logout.cz","70","/en/weather/","i"," 'C                                                 Rain"
"i-logout.cz","70","/en/weather/","i"," 15"
"i-logout.cz","70","/en/weather/","i"," 14"
"i-logout.cz","70","/en/weather/","i"," 13^^^                                          =--"
"i-logout.cz","70","/en/weather/","i"," 12   ^^^^^^^^^                              ^^^"
"i-logout.cz","70","/en/weather/","i"," 11            ^^^=--"
"i-logout.cz","70","/en/weather/","i"," 10                  =--                  ^^^"
"i-logout.cz","70","/en/weather/","i","  9                     =--^^^^^^^^^^^^^^^"
"i-logout.cz","70","/en/weather/","i","  8"
"i-logout.cz","70","/en/weather/","i","  7"
"i-logout.cz","70","/en/weather/","i","  6"
"i-logout.cz","70","/en/weather/","i","    19 20 21 22 23 00 01 02 03 04 05 06_07_08_09_10 Hour"
"i-logout.cz","70","/en/weather/","i",""
"i-logout.cz","70","/en/weather/","i","    NW  N NW NW NW NW NW NW NW NW NW NW NW NW NW NW Wind dir."
"i-logout.cz","70","/en/weather/","i","     2  2  2  2  2  2  2  3  3  3  3  3  3  4  4  4 Wind(mps)"
"i-logout.cz","70","/en/weather/","i",""
"i-logout.cz","70","/en/weather/","i","Legend left axis:   - Sunny   ^ Scattered   = Clouded   "
"i-logout.cz","70","/en/weather/","i","                    =V= Thunder   # Fog"
"i-logout.cz","70","/en/weather/","i","Legend right axis:  | Rain    ! Sleet       * Snow"
"i-logout.cz","70","/en/weather/","i","----------------------------------------------------------------------"
"i-logout.cz","70","/en/weather/","i","       | Brno |"
"i-logout.cz","70","/en/weather/","i","----------------------------------------------------------------------"
"i-logout.cz","70","/en/weather/","i"," 'C                                                 Rain"
"i-logout.cz","70","/en/weather/","i"," 16"
"i-logout.cz","70","/en/weather/","i"," 15"
"i-logout.cz","70","/en/weather/","i"," 14"
"i-logout.cz","70","/en/weather/","i"," 13"
"i-logout.cz","70","/en/weather/","i"," 12============                              ======"
"i-logout.cz","70","/en/weather/","i"," 11            =============================="
"i-logout.cz","70","/en/weather/","i"," 10"
"i-logout.cz","70","/en/weather/","i","  9"
"i-logout.cz","70","/en/weather/","i","  8                       |  |  |  |  |             2 mm"
"i-logout.cz","70","/en/weather/","i","  7  |  |  |  |  |  |  |  |  |  |  |  |  |  |  |  | 1 mm"
"i-logout.cz","70","/en/weather/","i","    20 21 22 23 00 01 02 03 04 05 06_07_08_09_10_11 Hour"
"i-logout.cz","70","/en/weather/","i",""
"i-logout.cz","70","/en/weather/","i","     N  N  N  N  N  N  N NW  N  N  N  N NW NW NW NW Wind dir."
"i-logout.cz","70","/en/weather/","i","     4  4  4  5  5  5  6  6  6  6  6  5  6  6  6  5 Wind(mps)"
"i-logout.cz","70","/en/weather/","i",""
"i-logout.cz","70","/en/weather/","i","Legend left axis:   - Sunny   ^ Scattered   = Clouded   "
"i-logout.cz","70","/en/weather/","i","                    =V= Thunder   # Fog"
"i-logout.cz","70","/en/weather/","i","Legend right axis:  | Rain    ! Sleet       * Snow"
"i-logout.cz","70","/en/weather/","i","----------------------------------------------------------------------"
"i-logout.cz","70","/en/weather/","i","       | Ostrava |"
"i-logout.cz","70","/en/weather/","i","----------------------------------------------------------------------"
"i-logout.cz","70","/en/weather/","i"," 'C                                                 Rain"
"i-logout.cz","70","/en/weather/","i"," 16"
"i-logout.cz","70","/en/weather/","i"," 15"
"i-logout.cz","70","/en/weather/","i"," 14"
"i-logout.cz","70","/en/weather/","i"," 13==="
"i-logout.cz","70","/en/weather/","i"," 12   ========================"
"i-logout.cz","70","/en/weather/","i"," 11                           ====================="
"i-logout.cz","70","/en/weather/","i"," 10"
"i-logout.cz","70","/en/weather/","i","  9                          |  |  |  |             3 mm"
"i-logout.cz","70","/en/weather/","i","  8                 |  |  |  |  |  |  |  |          2 mm"
"i-logout.cz","70","/en/weather/","i","  7  |  |  |  |  |  |  |  |  |  |  |  |  |  |  |  | 1 mm"
"i-logout.cz","70","/en/weather/","i","    20 21 22 23 00 01 02 03 04 05 06_07_08_09_10_11 Hour"
"i-logout.cz","70","/en/weather/","i",""
"i-logout.cz","70","/en/weather/","i","    NE NE NE NE  N  N  N  N  N  N  N  N  N  N  N  N Wind dir."
"i-logout.cz","70","/en/weather/","i","     3  3  3  4  4  5  5  5  5  6  6  6  6  6  6  6 Wind(mps)"
"i-logout.cz","70","/en/weather/","i",""
"i-logout.cz","70","/en/weather/","i","Legend left axis:   - Sunny   ^ Scattered   = Clouded   "
"i-logout.cz","70","/en/weather/","i","                    =V= Thunder   # Fog"
"i-logout.cz","70","/en/weather/","i","Legend right axis:  | Rain    ! Sleet       * Snow"
"i-logout.cz","70","/en/weather/","i","----------------------------------------------------------------------"
"i-logout.cz","70","/en/weather/","i","       | Kolin |"
"i-logout.cz","70","/en/weather/","i","----------------------------------------------------------------------"
"i-logout.cz","70","/en/weather/","i"," 'C                                                 Rain"
"i-logout.cz","70","/en/weather/","i"," 16"
"i-logout.cz","70","/en/weather/","i"," 15"
"i-logout.cz","70","/en/weather/","i"," 14                                             ==="
"i-logout.cz","70","/en/weather/","i"," 13"
"i-logout.cz","70","/en/weather/","i"," 12^^^^^^                                    ^^^"
"i-logout.cz","70","/en/weather/","i"," 11      ^^^^^^                           ^^^"
"i-logout.cz","70","/en/weather/","i"," 10            ^^^^^^^^^^^^"
"i-logout.cz","70","/en/weather/","i","  9                        ^^^^^^^^^^^^^^^"
"i-logout.cz","70","/en/weather/","i","  8"
"i-logout.cz","70","/en/weather/","i","  7                                               | 1 mm"
"i-logout.cz","70","/en/weather/","i","    20 21 22 23 00 01 02 03 04 05 06_07_08_09_10_11 Hour"
"i-logout.cz","70","/en/weather/","i",""
"i-logout.cz","70","/en/weather/","i","     N  N NW NW NW NW NW NW NW NW NW NW NW NW NW NW Wind dir."
"i-logout.cz","70","/en/weather/","i","     2  2  2  2  2  2  3  3  3  3  3  4  4  4  4  4 Wind(mps)"
"i-logout.cz","70","/en/weather/","i",""
"i-logout.cz","70","/en/weather/","i","Legend left axis:   - Sunny   ^ Scattered   = Clouded   "
"i-logout.cz","70","/en/weather/","i","                    =V= Thunder   # Fog"
"i-logout.cz","70","/en/weather/","i","Legend right axis:  | Rain    ! Sleet       * Snow"
"i-logout.cz","70","/en/weather/","i","----------------------------------------------------------------------"
"i-logout.cz","70","/en/weather/","i","       | Opava |"
"i-logout.cz","70","/en/weather/","i","----------------------------------------------------------------------"
"i-logout.cz","70","/en/weather/","i"," 'C                                                 Rain"
"i-logout.cz","70","/en/weather/","i"," 15"
"i-logout.cz","70","/en/weather/","i"," 14"
"i-logout.cz","70","/en/weather/","i"," 13"
"i-logout.cz","70","/en/weather/","i"," 12==="
"i-logout.cz","70","/en/weather/","i"," 11   ===========================            ======"
"i-logout.cz","70","/en/weather/","i"," 10                              ============"
"i-logout.cz","70","/en/weather/","i","  9"
"i-logout.cz","70","/en/weather/","i","  8"
"i-logout.cz","70","/en/weather/","i","  7                    |  |  |  |  |  |  |          2 mm"
"i-logout.cz","70","/en/weather/","i","  6  |  |  |  |  |  |  |  |  |  |  |  |  |  |  |  | 1 mm"
"i-logout.cz","70","/en/weather/","i","    20 21 22 23 00 01 02 03 04 05 06_07_08_09_10_11 Hour"
"i-logout.cz","70","/en/weather/","i",""
"i-logout.cz","70","/en/weather/","i","     N  N  N  N  N  N  N  N  N  N  N  N  N  N  N NW Wind dir."
"i-logout.cz","70","/en/weather/","i","     4  4  4  4  4  5  5  6  6  6  5  5  6  6  5  6 Wind(mps)"
"i-logout.cz","70","/en/weather/","i",""
"i-logout.cz","70","/en/weather/","i","Legend left axis:   - Sunny   ^ Scattered   = Clouded   "
"i-logout.cz","70","/en/weather/","i","                    =V= Thunder   # Fog"
"i-logout.cz","70","/en/weather/","i","Legend right axis:  | Rain    ! Sleet       * Snow"
"i-logout.cz","70","/en/weather/","i","----------------------------------------------------------------------"
"i-logout.cz","70","/en/weather/",".","Full Stop Received"
"i-logout.cz","70","/en/world/","i",""
"i-logout.cz","70","/en/world/","i","---------------------------------------------------------------------"
"i-logout.cz","70","/en/world/","i","      | Other gopher servers out there... |"
"i-logout.cz","70","/en/world/","i","---------------------------------------------------------------------"
"i-logout.cz","70","/en/world/","i","This is list of my favorite gopher servers. I'm trying to keep it as"
"i-logout.cz","70","/en/world/","i","fresh as possible, so only active citizens of gopherspace are listed."
"i-logout.cz","70","/en/world/","i",""
"i-logout.cz","70","/en/world/","i","The center of Gopherspace. Here you can find list of all existing"
"i-logout.cz","70","/en/world/","i","gopher holes out there, serch them through Veronica-2 search engine"
"i-logout.cz","70","/en/world/","i","and a lot more, including Bucktooth gopher server and OverbiteFF"
"i-logout.cz","70","/en/world/","i","gopher enabling plugin for Firefox. This is the first place, you"
"i-logout.cz","70","/en/world/","i","have to visit, when new on gopher."
"i-logout.cz","70","/en/world/","i",""
"i-logout.cz","70","/en/world/","i","Gopher interface to the best online encyclopedia ever made. If you"
"i-logout.cz","70","/en/world/","i","want to read plain facts and not get distracted by bells and whistles"
"i-logout.cz","70","/en/world/","i","that HTTP/HTML brings, go gopherpedia!"
"i-logout.cz","70","/en/world/","i",""
"i-logout.cz","70","/en/world/","i","Linux and Unix enthusiast with probably most frequently updated"
"i-logout.cz","70","/en/world/","i","phlog out there. Topics are Slackware, Elvis text editor and classic"
"i-logout.cz","70","/en/world/","i","first person shooter games."
"i-logout.cz","70","/en/world/","i",""
"i-logout.cz","70","/en/world/","i","A simple machine is a device for overcoming resistance at one point"
"i-logout.cz","70","/en/world/","i","by applying force at some other point. Examples of simple machines"
"i-logout.cz","70","/en/world/","i","are levers, wedges and pulleys - basically tools of irreducible "
"i-logout.cz","70","/en/world/","i","simplicity which, when combined in various ways, are capable of all"
"i-logout.cz","70","/en/world/","i","sorts of feats.  The Unix operating system was designed around this "
"i-logout.cz","70","/en/world/","i","concept and it's this underlying philosophy that SiMpLe MaChInEs pays "
"i-logout.cz","70","/en/world/","i","tribute to. "
"i-logout.cz","70","/en/world/","i",""
"i-logout.cz","70","/en/world/","i","Gopher hole of Jirka, which covers various topics about his SGI"
"i-logout.cz","70","/en/world/","i","machines, Unix, pocket computing and other stuff. It's quite new and"
"i-logout.cz","70","/en/world/","i","often updated. "
"i-logout.cz","70","/en/world/","i",""
"i-logout.cz","70","/en/world/","i","Very active twitpher, a mini-phlog covering various computer-"
"i-logout.cz","70","/en/world/","i","related topics. Located in Germany, it's one of nearest neighbors of"
"i-logout.cz","70","/en/world/","i","my own gopherhole."
"i-logout.cz","70","/en/world/","i",""
"i-logout.cz","70","/en/world/","i","Yin Feng Shakya is a Chan Buddhist priest of the Order of Hsu Yun."
"i-logout.cz","70","/en/world/","i","His buddhist phlog is nice example of the variety of topics, you can"
"i-logout.cz","70","/en/world/","i","find on gopher. He is also fan of Linux and retro-computing, so "
"i-logout.cz","70","/en/world/","i","there are more topics than from the spiritual area."
"i-logout.cz","70","/en/world/","i",""
"i-logout.cz","70","/en/world/","i",""
"i-logout.cz","70","/en/world/",".","Full Stop Received"
"i-logout.cz","70","/en/computers/","i",""
"i-logout.cz","70","/en/computers/","i","----------------------------------------------------------------------"
"i-logout.cz","70","/en/computers/","i","      | My computers, palmtops, handhelds and cellphones |"
"i-logout.cz","70","/en/computers/","i","----------------------------------------------------------------------"
"i-logout.cz","70","/en/computers/","i","In last fifteen years I collected quite a lot of computers, handhelds,"
"i-logout.cz","70","/en/computers/","i","PDAs and mobile phones. Some are my previous machines, others I bought"
"i-logout.cz","70","/en/computers/","i","just for the pleasure of using stuff from times when there was more "
"i-logout.cz","70","/en/computers/","i","than just PC-compatibles with x86 processors inside. Here is the list."
"i-logout.cz","70","/en/computers/","i","----------------------------------------------------------------------"
"i-logout.cz","70","/en/computers/","i","      | Apple and clones |"
"i-logout.cz","70","/en/computers/","i","----------------------------------------------------------------------"
"i-logout.cz","70","/en/computers/","i","+ Briel Computers Replica 1D"
"i-logout.cz","70","/en/computers/","i","+ Apple IIgs"
"i-logout.cz","70","/en/computers/","i","+ Pravetz 8A"
"i-logout.cz","70","/en/computers/","i","+ Macintosh Quadra 700 (running A/UX!)"
"i-logout.cz","70","/en/computers/","i","+ PowerBook 165"
"i-logout.cz","70","/en/computers/","i","+ PowerBook 190"
"i-logout.cz","70","/en/computers/","i","+ PowerBook G3 (Kanga)"
"i-logout.cz","70","/en/computers/","i","+ PowerBook G3 (Lombard)"
"i-logout.cz","70","/en/computers/","i","+ PowerMacintosh 7100/66AV"
"i-logout.cz","70","/en/computers/","i","+ PowerMacintosh 7300/166"
"i-logout.cz","70","/en/computers/","i","+ PowerMacintosh 9600"
"i-logout.cz","70","/en/computers/","i","+ PowerComputing PowerWave 604/120 Desktop"
"i-logout.cz","70","/en/computers/","i","+ PowerMacintosh G3 desktop"
"i-logout.cz","70","/en/computers/","i","+ PowerMacintosh G3 minitower"
"i-logout.cz","70","/en/computers/","i","+ iMac G3 (original)"
"i-logout.cz","70","/en/computers/","i","+ iMac G3 (indigo 350 MHz, no-FireWire)"
"i-logout.cz","70","/en/computers/","i","+ iMac G3 (indigo 500 MHz)"
"i-logout.cz","70","/en/computers/","i","+ iBook G4 12 1.2 GHz"
"i-logout.cz","70","/en/computers/","i","+ PowerMac G4 dual 500 MHz"
"i-logout.cz","70","/en/computers/","i","+ PowerMac G4 QuickSilver 800 MHz (2002)"
"i-logout.cz","70","/en/computers/","i","+ PowerBook G4 12 1.5 GHz"
"i-logout.cz","70","/en/computers/","i","+ Mac mini G4 1.33 GHz"
"i-logout.cz","70","/en/computers/","i","+ Mac mini G4 1.25 (2x)"
"i-logout.cz","70","/en/computers/","i","+ PowerMac G5 dual 2.0 GHz"
"i-logout.cz","70","/en/computers/","i","+ Mac Mini Core Duo"
"i-logout.cz","70","/en/computers/","i","----------------------------------------------------------------------"
"i-logout.cz","70","/en/computers/","i","      | Sinclair and clones |"
"i-logout.cz","70","/en/computers/","i","---------------------------------------------------------------------"
"i-logout.cz","70","/en/computers/","i","+ ZX Spectrum 128+2"
"i-logout.cz","70","/en/computers/","i","+ ZX Spectrum+"
"i-logout.cz","70","/en/computers/","i","+ Didaktik Gama (2x)"
"i-logout.cz","70","/en/computers/","i","+ Didaktik M"
"i-logout.cz","70","/en/computers/","i","----------------------------------------------------------------------"
"i-logout.cz","70","/en/computers/","i","      | Czechoslovak computers |"
"i-logout.cz","70","/en/computers/","i","---------------------------------------------------------------------"
"i-logout.cz","70","/en/computers/","i","+ IQ-151"
"i-logout.cz","70","/en/computers/","i","+ PMD 85"
"i-logout.cz","70","/en/computers/","i","+ Consul 2717"
"i-logout.cz","70","/en/computers/","i","+ Metra Blansko SAPI-86"
"i-logout.cz","70","/en/computers/","i","----------------------------------------------------------------------"
"i-logout.cz","70","/en/computers/","i","      | Other desktops |"
"i-logout.cz","70","/en/computers/","i","---------------------------------------------------------------------"
"i-logout.cz","70","/en/computers/","i","+ Atari STE"
"i-logout.cz","70","/en/computers/","i","+ Commodore Amiga 600"
"i-logout.cz","70","/en/computers/","i","+ Commodore Amiga 1200"
"i-logout.cz","70","/en/computers/","i","+ HP 9000 Series 300"
"i-logout.cz","70","/en/computers/","i","+ IBM IntelliStation Power 185"
"i-logout.cz","70","/en/computers/","i","+ SGI Indigo2 R10000"
"i-logout.cz","70","/en/computers/","i","+ SUN Ultra 5"
"i-logout.cz","70","/en/computers/","i","+ SUN Blade 100"
"i-logout.cz","70","/en/computers/","i","----------------------------------------------------------------------"
"i-logout.cz","70","/en/computers/","i","      | Palm PDAs |"
"i-logout.cz","70","/en/computers/","i","---------------------------------------------------------------------"
"i-logout.cz","70","/en/computers/","i","+ Palm IIIx"
"i-logout.cz","70","/en/computers/","i","+ Palm V"
"i-logout.cz","70","/en/computers/","i","+ Palm m105"
"i-logout.cz","70","/en/computers/","i","+ Palm m500"
"i-logout.cz","70","/en/computers/","i","+ Palm m515"
"i-logout.cz","70","/en/computers/","i","+ Palm Zire 31"
"i-logout.cz","70","/en/computers/","i","+ Tungsten"
"i-logout.cz","70","/en/computers/","i","+ Tungsten T3"
"i-logout.cz","70","/en/computers/","i","+ Palm T|X"
"i-logout.cz","70","/en/computers/","i","+ Handspring Visor + Magellan GPS"
"i-logout.cz","70","/en/computers/","i","----------------------------------------------------------------------"
"i-logout.cz","70","/en/computers/","i","      | Psion handhelds and clones |"
"i-logout.cz","70","/en/computers/","i","---------------------------------------------------------------------"
"i-logout.cz","70","/en/computers/","i","+ Psion IIXP"
"i-logout.cz","70","/en/computers/","i","+ Psion 3a"
"i-logout.cz","70","/en/computers/","i","+ Psion Siena 512k"
"i-logout.cz","70","/en/computers/","i","+ Psion Siena 1M"
"i-logout.cz","70","/en/computers/","i","+ Psion 5mx"
"i-logout.cz","70","/en/computers/","i","+ Psion netBook"
"i-logout.cz","70","/en/computers/","i","+ Ericsson MC218"
"i-logout.cz","70","/en/computers/","i","----------------------------------------------------------------------"
"i-logout.cz","70","/en/computers/","i","      | Other handhelds and palmtops |"
"i-logout.cz","70","/en/computers/","i","---------------------------------------------------------------------"
"i-logout.cz","70","/en/computers/","i","+ Apple Newton MessagePad 130"
"i-logout.cz","70","/en/computers/","i","+ Atari Portfolio"
"i-logout.cz","70","/en/computers/","i","+ Casio PB-1000"
"i-logout.cz","70","/en/computers/","i","+ Everex Freestyle"
"i-logout.cz","70","/en/computers/","i","+ Hewlett-Packard 360LX"
"i-logout.cz","70","/en/computers/","i","+ Texas Instruments Avigo"
"i-logout.cz","70","/en/computers/","i","+ Yakumo Alpha GPS"
"i-logout.cz","70","/en/computers/","i","+ Yakumo Delta GPS"
"i-logout.cz","70","/en/computers/","i","----------------------------------------------------------------------"
"i-logout.cz","70","/en/computers/","i","      | Mobile phones |"
"i-logout.cz","70","/en/computers/","i","---------------------------------------------------------------------"
"i-logout.cz","70","/en/computers/","i","+ BlackBerry 8800"
"i-logout.cz","70","/en/computers/","i","+ Ericsson R380"
"i-logout.cz","70","/en/computers/","i","+ HTC Feeler"
"i-logout.cz","70","/en/computers/","i","+ HTC Mini HD"
"i-logout.cz","70","/en/computers/","i","+ HTC Rose S740"
"i-logout.cz","70","/en/computers/","i","+ HTC Snap"
"i-logout.cz","70","/en/computers/","i","+ HTC Touch2"
"i-logout.cz","70","/en/computers/","i","+ HTC Touch Pro2    "
"i-logout.cz","70","/en/computers/","i","+ Motorola Micro T.A.C 8400"
"i-logout.cz","70","/en/computers/","i","+ Nokia 5110"
"i-logout.cz","70","/en/computers/","i","+ Nokia 6210"
"i-logout.cz","70","/en/computers/","i","+ Nokia C6-00"
"i-logout.cz","70","/en/computers/","i","+ Palm Centro (2x)"
"i-logout.cz","70","/en/computers/","i","+ Palm Pre2"
"i-logout.cz","70","/en/computers/","i","+ Sony CMD-J6"
"i-logout.cz","70","/en/computers/","i","+ Sony Ericsson K750i"
"i-logout.cz","70","/en/computers/","i","+ Sony Ericsson P800"
"i-logout.cz","70","/en/computers/",".","Full Stop Received"
"i-logout.cz","70","/software/","1","Amiga","/software/Amiga"
"i-logout.cz","70","/software/","1","Atari","/software/Atari"
"i-logout.cz","70","/software/","1","Mac","/software/Mac"
"i-logout.cz","70","/software/","1","Mobile","/software/Mobile"
"i-logout.cz","70","/software/","1","PC","/software/PC"
"i-logout.cz","70","/software/","0","welcome.txt","/software/welcome.txt"
"i-logout.cz","70","/software/",".","Full Stop Received"
