"sdf-eu.org","70","","i","Welcome to the SDF-EU Public Access UNIX System .. est. 1987"
"sdf-eu.org","70","","i","========================================================="
"sdf-eu.org","70","","i","We offer FREE and inexpensive memberships for people interested"
"sdf-eu.org","70","","i","in the UNIX system and internetworking.  Personal GOPHERSPACE"
"sdf-eu.org","70","","i","is available to all users as well as hundreds of UNIX utilities,"
"sdf-eu.org","70","","i","games and networking utilities.  We are a federally recognized"
"sdf-eu.org","70","","i","non-profit 501(c)7 organization and we are supported entirely"
"sdf-eu.org","70","","i","by donations and membership dues.  telnet://sdf.org"
"sdf-eu.org","70","","i"," "
"sdf-eu.org","70","","7","GopherSpace SEARCH Engine","/v2/vs"
"sdf-eu.org","70","",".","Full Stop Received"
