"sdfeu.org","70","","i","Welcome to the SDF-EU Public Access UNIX System .. est. 1987"
"sdfeu.org","70","","i","========================================================="
"sdfeu.org","70","","i","We offer FREE and inexpensive memberships for people interested"
"sdfeu.org","70","","i","in the UNIX system and internetworking.  Personal GOPHERSPACE"
"sdfeu.org","70","","i","is available to all users as well as hundreds of UNIX utilities,"
"sdfeu.org","70","","i","games and networking utilities.  We are a federally recognized"
"sdfeu.org","70","","i","non-profit 501(c)7 organization and we are supported entirely"
"sdfeu.org","70","","i","by donations and membership dues.  telnet://sdf.org"
"sdfeu.org","70","","i"," "
"sdfeu.org","70","","1","SDF-EU Member PHLOGOSPHERE (19 directories)","/phlogs/"
"sdfeu.org","70","","1","SDF-EU Member GOPHERSPACE (231 directories)","/maps/"
"sdfeu.org","70","","1","SDF-EU Frequently Asked Questions (FAQ)","/sdfeu/faq/"
"sdfeu.org","70","","7","GopherSpace SEARCH Engine","/v2/vs"
"sdfeu.org","70","",".","Full Stop Received"
"sdfeu.org","70","/phlogs/","1","[01-Septe-2017]      wlsn - wlsn's gopher site","/users/wlsn/"
"sdfeu.org","70","/phlogs/","1","[11-July-2017]     rot13 - Rot13","/users/rot13/"
"sdfeu.org","70","/phlogs/","1","[29-May-2017]    jkgiih -","/users/jkgiih/"
"sdfeu.org","70","/phlogs/","1","[21-May-2017]  talideon - Keith's Gopherspace","/users/talideon/"
"sdfeu.org","70","/phlogs/","1","[10-Septe-2016]      adth - adth at SDF-EU","/users/adth/"
"sdfeu.org","70","/phlogs/","1","[16-June-2016]      pice - Diego's Gopherspace","/users/pice/"
"sdfeu.org","70","/phlogs/","1","[19-Janua-2016]      jost - Textual Reality","/users/jost/"
"sdfeu.org","70","/phlogs/","1","[23-Augus-2015]       duh - Theodore's phlague","/users/duh/"
"sdfeu.org","70","/phlogs/","1","[18-March-2015]       jim - Jim Burton's GOPHER space","/users/jim/"
"sdfeu.org","70","/phlogs/","1","[07-March-2014]    geraud - Geraud's Gopher","/users/geraud/"
"sdfeu.org","70","/phlogs/","1","[26-Decem-2013]     chals - chalsattack gopher","/users/chals/"
"sdfeu.org","70","/phlogs/","1","[03-Novem-2013]    cbbahn - Research papers and articles","/users/cbbahn/"
"sdfeu.org","70","/phlogs/","1","[26-Octob-2013]sevenofnine - SevenOfNine","/users/sevenofnine/"
"sdfeu.org","70","/phlogs/","1","[07-May-2013]    alexey - A hole in the ground","/users/alexey/"
"sdfeu.org","70","/phlogs/","1","[21-June-2012]The gopherhole of obsolence -","/users/ms/"
"sdfeu.org","70","/phlogs/","1","[27-April-2012]  afiore19 - Fiorentino Depository","/users/afiore19/"
"sdfeu.org","70","/phlogs/","1","[10-Decem-2011]  phreqmod - ::: p h r e q m o d :::","/users/phreqmod/"
"sdfeu.org","70","/phlogs/","1","[05-Septe-2011]      tide -","/users/tide/"
"sdfeu.org","70","/phlogs/","1","[25-April-2011]real live gopher shiite -","/users/smj/"
"sdfeu.org","70","/phlogs/",".","Full Stop Received"
"sdfeu.org","70","/maps/","i","Welcome to the SDF-EU User Gopherspace"
"sdfeu.org","70","/maps/","i","========================================================="
"sdfeu.org","70","/maps/","i","Here you will find SDF-EU User gopher sites in alphabetical"
"sdfeu.org","70","/maps/","i","and chronological order.  To get your site listed here,"
"sdfeu.org","70","/maps/","i","just type 'mkgopher' at the shell."
"sdfeu.org","70","/maps/","i","========================================================="
"sdfeu.org","70","/maps/","i"," "
"sdfeu.org","70","/maps/","1","[a] 0014 SDF-EU User Gopher Sites","/maps/a"
"sdfeu.org","70","/maps/","1","[b] 0008 SDF-EU User Gopher Sites","/maps/b"
"sdfeu.org","70","/maps/","1","[c] 0010 SDF-EU User Gopher Sites","/maps/c"
"sdfeu.org","70","/maps/","1","[d] 0016 SDF-EU User Gopher Sites","/maps/d"
"sdfeu.org","70","/maps/","1","[e] 0009 SDF-EU User Gopher Sites","/maps/e"
"sdfeu.org","70","/maps/","1","[f] 0010 SDF-EU User Gopher Sites","/maps/f"
"sdfeu.org","70","/maps/","1","[g] 0013 SDF-EU User Gopher Sites","/maps/g"
"sdfeu.org","70","/maps/","1","[h] 0009 SDF-EU User Gopher Sites","/maps/h"
"sdfeu.org","70","/maps/","1","[i] 0012 SDF-EU User Gopher Sites","/maps/i"
"sdfeu.org","70","/maps/","1","[j] 0014 SDF-EU User Gopher Sites","/maps/j"
"sdfeu.org","70","/maps/","1","[k] 0012 SDF-EU User Gopher Sites","/maps/k"
"sdfeu.org","70","/maps/","1","[l] 0013 SDF-EU User Gopher Sites","/maps/l"
"sdfeu.org","70","/maps/","1","[m] 0025 SDF-EU User Gopher Sites","/maps/m"
"sdfeu.org","70","/maps/","1","[n] 0016 SDF-EU User Gopher Sites","/maps/n"
"sdfeu.org","70","/maps/","1","[o] 0004 SDF-EU User Gopher Sites","/maps/o"
"sdfeu.org","70","/maps/","1","[p] 0018 SDF-EU User Gopher Sites","/maps/p"
"sdfeu.org","70","/maps/","1","[q] 0002 SDF-EU User Gopher Sites","/maps/q"
"sdfeu.org","70","/maps/","1","[r] 0010 SDF-EU User Gopher Sites","/maps/r"
"sdfeu.org","70","/maps/","1","[s] 0020 SDF-EU User Gopher Sites","/maps/s"
"sdfeu.org","70","/maps/","1","[t] 0020 SDF-EU User Gopher Sites","/maps/t"
"sdfeu.org","70","/maps/","1","[u] 0004 SDF-EU User Gopher Sites","/maps/u"
"sdfeu.org","70","/maps/","1","[v] 0006 SDF-EU User Gopher Sites","/maps/v"
"sdfeu.org","70","/maps/","1","[w] 0005 SDF-EU User Gopher Sites","/maps/w"
"sdfeu.org","70","/maps/","1","[x] 0003 SDF-EU User Gopher Sites","/maps/x"
"sdfeu.org","70","/maps/","1","[y] 0004 SDF-EU User Gopher Sites","/maps/y"
"sdfeu.org","70","/maps/","1","[z] 0006 SDF-EU User Gopher Sites","/maps/z"
"sdfeu.org","70","/maps/",".","Full Stop Received"
"sdfeu.org","70","/sdfeu/faq/",".","Full Stop Received"
"sdfeu.org","70","/users/wlsn/","i","wlsn"
"sdfeu.org","70","/users/wlsn/","i"," "
"sdfeu.org","70","/users/wlsn/","i","---------------------------------------------------------------------"
"sdfeu.org","70","/users/wlsn/","i"," "
"sdfeu.org","70","/users/wlsn/","i"," "
"sdfeu.org","70","/users/wlsn/","i"," "
"sdfeu.org","70","/users/wlsn/","i","Media Consumption Lists"
"sdfeu.org","70","/users/wlsn/","i"," "
"sdfeu.org","70","/users/wlsn/","0","Books I've read recently RCHR","/users/wlsn/book_list.txt"
"sdfeu.org","70","/users/wlsn/","0","Films I've been watching","/users/wlsn/watched_films.txt"
"sdfeu.org","70","/users/wlsn/","0","Radio stations I'm listening to","/users/wlsn/radio_list.txt"
"sdfeu.org","70","/users/wlsn/","i"," "
"sdfeu.org","70","/users/wlsn/","i"," "
"sdfeu.org","70","/users/wlsn/","i","Currently reading: Tales from Out There: The Barkley Marathons, the"
"sdfeu.org","70","/users/wlsn/","i","                   World's Toughest Trail Race by Frozen Ed Furtaw"
"sdfeu.org","70","/users/wlsn/",".","Full Stop Received"
"sdfeu.org","70","/users/rot13/","i"," ____    _____   ______         _     __     "
"sdfeu.org","70","/users/rot13/","i","/\  _`\ /\  __`\/\__  _\      /' \  /'__`\   "
"sdfeu.org","70","/users/rot13/","i","\ \ \L\ \ \ \/\ \/_/\ \/     /\_, \/\_\L\ \  "
"sdfeu.org","70","/users/rot13/","i"," \ \ ,  /\ \ \ \ \ \ \ \     \/_/\ \/_/_\_<_ "
"sdfeu.org","70","/users/rot13/","i","  \ \ \\ \\ \ \_\ \ \ \ \       \ \ \/\ \L\ \"
"sdfeu.org","70","/users/rot13/","i","   \ \_\ \_\ \_____\ \ \_\       \ \_\ \____/"
"sdfeu.org","70","/users/rot13/","i","    \/_/\/ /\/_____/  \/_/        \/_/\/___/"
"sdfeu.org","70","/users/rot13/","i"," "
"sdfeu.org","70","/users/rot13/","i"," "
"sdfeu.org","70","/users/rot13/","i"," "
"sdfeu.org","70","/users/rot13/","i","Welcome to my rarely updated gopherspace. "
"sdfeu.org","70","/users/rot13/","i","  "
"sdfeu.org","70","/users/rot13/","i","You can find me online at"
"sdfeu.org","70","/users/rot13/","i"," "
"sdfeu.org","70","/users/rot13/","i","XMPP: rot13eu@sdf.org"
"sdfeu.org","70","/users/rot13/","i"," "
"sdfeu.org","70","/users/rot13/","h","My GNUSocial account","URL:http://www.quitter.se/luke"
"sdfeu.org","70","/users/rot13/","i"," "
"sdfeu.org","70","/users/rot13/","i"," "
"sdfeu.org","70","/users/rot13/","i"," "
"sdfeu.org","70","/users/rot13/",".","Full Stop Received"
"sdfeu.org","70","/users/jkgiih/","i","Welcome to my gopherspace, where you may read my phlog. Other content may or may not be provided shortly."
"sdfeu.org","70","/users/jkgiih/","i"," "
"sdfeu.org","70","/users/jkgiih/",".","Full Stop Received"
"sdfeu.org","70","/users/talideon/","0","foo","/users/talideon/foo"
"sdfeu.org","70","/users/talideon/",".","Full Stop Received"
"sdfeu.org","70","/users/adth/","i","adth at SDF-EU"
"sdfeu.org","70","/users/adth/","i"," "
"sdfeu.org","70","/users/adth/","i","Welcome to my corner of the SDF-EU gopherspace."
"sdfeu.org","70","/users/adth/","i"," "
"sdfeu.org","70","/users/adth/","i"," "
"sdfeu.org","70","/users/adth/","i","As always any feedback is much appreciated so feel free to contact me via email"
"sdfeu.org","70","/users/adth/","i","at Adam Thompson <adth@sdfeu.org> or on commode etc using the user ID adth"
"sdfeu.org","70","/users/adth/",".","Full Stop Received"
"sdfeu.org","70","/users/pice/",".","Full Stop Received"
