"sdf.org","70","","i","Welcome to the SDF Public Access UNIX System .. est. 1987"
"sdf.org","70","","i",""
"sdf.org","70","","i","We offer FREE and inexpensive memberships for people interested"
"sdf.org","70","","i","in the UNIX system and internetworking.  Personal GOPHERSPACE"
"sdf.org","70","","i","is available to all users as well as hundreds of UNIX utilities,"
"sdf.org","70","","i","games and networking utilities.  We are a federally recognized"
"sdf.org","70","","i","non-profit 501(c)7 organization and we are supported entirely"
"sdf.org","70","","i","by donations and membership dues.  telnet://sdf.org"
"sdf.org","70","","i",""
"sdf.org","70","","1","SDF Member PHLOGOSPHERE (228 directories)","/phlogs/"
"sdf.org","70","","1","SDF Member GOPHERSPACE (2688 directories)","/maps/"
"sdf.org","70","","1","SDF Frequently Asked Questions (FAQ)","/sdf/faq/"
"sdf.org","70","","1","SDF Accredited University Courses","/sdf/classes/"
"sdf.org","70","","1","Software and Documentation for various computers","/computers"
"sdf.org","70","","7","GopherSpace SEARCH Engine","/v2/vs"
"sdf.org","70","","1","NetBSD Distribution Mirror","/NetBSD/"
"sdf.org","70","","i","______________________________________________________________________"
"sdf.org","70","","i","                      Gophered by Gophernicus/1.6 on NetBSD/amd64 7.1"
"sdf.org","70","",".","Full Stop Received"
"sdf.org","70","/phlogs/","1","[19-Sep-2017]     yargo - # Yargo #","/users/yargo/"
"sdf.org","70","/phlogs/","1","[18-Sep-2017]    strixy - strixy's gopherhole","/users/strixy/"
"sdf.org","70","/phlogs/","1","[17-Sep-2017]    hobbsc - hobbsc's void","/users/hobbsc/"
"sdf.org","70","/phlogs/","1","[17-Sep-2017]  joshua.m - The Adentures of a 16 Year Old Nerd","/users/joshua.m/"
"sdf.org","70","/phlogs/","1","[17-Sep-2017]   slugmax - --> Welcome to The Cave <--","/users/slugmax/"
"sdf.org","70","/phlogs/","1","[17-Sep-2017]     ulcer - noobs! ------v","/users/ulcer/"
"sdf.org","70","/phlogs/","1","[16-Sep-2017]  tomasino - tomasino's phlog","/users/tomasino/"
"sdf.org","70","/phlogs/","1","[13-Sep-2017]  xmanmonk - What the...?","/users/xmanmonk/"
"sdf.org","70","/phlogs/","1","[13-Sep-2017]   bradmac - Thoughts of a middle aged Australian male","/users/bradmac/"
"sdf.org","70","/phlogs/","1","[11-Sep-2017]      amox - amox' space in web 0.2","/users/amox/"
"sdf.org","70","/phlogs/","1","[11-Sep-2017]       cat - lovely as a split lip, soulful as the city","/users/cat/"
"sdf.org","70","/phlogs/","1","[09-Sep-2017]solderpunk - Solderpunk's bench","/users/solderpunk/"
"sdf.org","70","/phlogs/","1","[07-Sep-2017]    jandal - A phlog.","/users/jandal/"
"sdf.org","70","/phlogs/","1","[06-Sep-2017]  sparcipx - The Backroad to Civilization","/users/sparcipx/"
"sdf.org","70","/phlogs/","1","[04-Sep-2017]       jzp - gopherthing","/users/jzp/"
"sdf.org","70","/phlogs/","1","[31-Aug-2017]   rbigelo - Plain Text is Baautiful","/users/rbigelo/"
"sdf.org","70","/phlogs/","1","[27-Aug-2017]    flonlo - QVODLIBET","/users/flonlo/"
"sdf.org","70","/phlogs/","1","[19-Aug-2017]      fos1 - Far Out Science","/users/fos1/"
"sdf.org","70","/phlogs/","1","[16-Aug-2017]  tfurrows - Jozhaus on SDF","/users/tfurrows/"
"sdf.org","70","/phlogs/","1","[14-Aug-2017] nonlinear - nonLinear","/users/nonlinear/"
"sdf.org","70","/phlogs/","1","[14-Aug-2017]northfarthing - The Northfarthing","/users/northfarthing/"
"sdf.org","70","/phlogs/","1","[14-Aug-2017]      jynx - --","/users/jynx/"
"sdf.org","70","/phlogs/","1","[09-Aug-2017]       elw - Edward's Gopherspace","/users/elw/"
"sdf.org","70","/phlogs/","1","[08-Aug-2017]    johnmw - Welcome to John's Gopherspace","/users/johnmw/"
"sdf.org","70","/phlogs/","1","[07-Aug-2017]    nprice - Nick Price","/users/nprice/"
"sdf.org","70","/phlogs/","1","[05-Aug-2017]copyeditor - Copyediting and Computers","/users/copyeditor/"
"sdf.org","70","/phlogs/","1","[04-Aug-2017]   sgilles - Gopherspace of S. Gilles","/users/sgilles/"
"sdf.org","70","/phlogs/","1","[04-Aug-2017]   jmcgann - School Thoughts","/users/jmcgann/"
"sdf.org","70","/phlogs/","1","[19-Jul-2017]    kwills - this is Kevin","/users/kwills/"
"sdf.org","70","/phlogs/","1","[18-Jul-2017]sshifflett - An Arbitrary Gopher Hole","/users/sshifflett/"
"sdf.org","70","/phlogs/","1","[06-Jul-2017]  snowdusk - snowdusk underground","/users/snowdusk/"
"sdf.org","70","/phlogs/","1","[06-Jul-2017]      jstg - jstg's gopher","/users/jstg/"
"sdf.org","70","/phlogs/","1","[05-Jul-2017]    cpider - thoughts I don't want to put elsewhere","/users/cpider/"
"sdf.org","70","/phlogs/","1","[02-Jul-2017]   jonmisc - Jon Misc's Gopher Space","/users/jonmisc/"
"sdf.org","70","/phlogs/","1","[28-Jun-2017]     mekon - Picketwire","/users/mekon/"
"sdf.org","70","/phlogs/","1","[27-Jun-2017]     adeka - Adeka, un espacio sin espacio","/users/adeka/"
"sdf.org","70","/phlogs/","1","[22-Jun-2017]  zelbrium - Because Google probably doesn't index this","/users/zelbrium/"
"sdf.org","70","/phlogs/","1","[22-Jun-2017]    orpras - Orpras's GopherLog","/users/orpras/"
"sdf.org","70","/phlogs/","1","[19-Jun-2017]     jovan - BrainTree","/users/jovan/"
"sdf.org","70","/phlogs/","1","[19-Jun-2017]     jirka - Jirka's Gopher Site","/users/jirka/"
"sdf.org","70","/phlogs/","1","[14-Jun-2017]  sjlawson - Ceol agus cód","/users/sjlawson/"
"sdf.org","70","/phlogs/","1","[12-Jun-2017]greencapgonzo - Journalism at it's most lackluster","/users/greencapgonzo/"
"sdf.org","70","/phlogs/","1","[11-Jun-2017]    stecla - Long live Gopher!!","/users/stecla/"
"sdf.org","70","/phlogs/","1","[02-Jun-2017]    daphne - Daphne's Phlog","/users/daphne/"
"sdf.org","70","/phlogs/","1","[31-May-2017]   imrowan - Music for Misanthropes","/users/imrowan/"
"sdf.org","70","/phlogs/","1","[12-May-2017]   drajiin - Drajiin's Space","/users/drajiin/"
"sdf.org","70","/phlogs/","1","[01-May-2017]   trinoox - Zooklie Gopher Directory","/users/trinoox/"
"sdf.org","70","/phlogs/","1","[30-Apr-2017] tjadowski - My Daily Log - Tomasz Jadowski (http://mnmlista.pl)","/users/tjadowski/"
"sdf.org","70","/phlogs/","1","[22-Apr-2017] mechanist - mechanist","/users/mechanist/"
"sdf.org","70","/phlogs/","1","[19-Apr-2017]    yrashk - Yurii Rashkovskii","/users/yrashk/"
"sdf.org","70","/phlogs/","1","[19-Apr-2017]     nydel - nydel's gopher","/users/nydel/"
"sdf.org","70","/phlogs/","1","[08-Apr-2017]    melton - Bits & Bytes","/users/melton/"
"sdf.org","70","/phlogs/","1","[29-Mar-2017]       oms - oms space","/users/oms/"
"sdf.org","70","/phlogs/","1","[30-Jan-2017]mydeardiary - My Dear Diary","/users/mydeardiary/"
"sdf.org","70","/phlogs/","1","[24-Jan-2017]  bluebear - Bluebear's Gopherspace","/users/bluebear/"
"sdf.org","70","/phlogs/","1","[23-Jan-2017]  fergwill - Sweaters till July: a humble phlog.","/users/fergwill/"
"sdf.org","70","/phlogs/","1","[20-Dec-2016]    ayaron - Amit Yaron Gopherspace","/users/ayaron/"
"sdf.org","70","/phlogs/","1","[30-Nov-2016] developer - Developer's gopher site","/users/developer/"
"sdf.org","70","/phlogs/","1","[09-Nov-2016]   wrstone - The Jackelope Of Truth","/users/wrstone/"
"sdf.org","70","/phlogs/","1","[08-Nov-2016]   echo420 - Echo's bag of tips","/users/echo420/"
"sdf.org","70","/phlogs/","1","[13-Oct-2016]    jasmaz - Caliginous Collection of Junk","/users/jasmaz/"
"sdf.org","70","/phlogs/","1","[11-Oct-2016]    sander - Sander's Gopherhole","/users/sander/"
"sdf.org","70","/phlogs/","1","[11-Sep-2016]  november - november's homepage","/users/november/"
"sdf.org","70","/phlogs/","1","[08-Aug-2016]cmaceachern - Dev and sysadmin resources/blog/notes from cmaceachern.","/users/cmaceachern/"
"sdf.org","70","/phlogs/","1","[05-Aug-2016]   sanjuro - Indian Food Gopher","/users/sanjuro/"
"sdf.org","70","/phlogs/","1","[28-Jul-2016] mushmouth - mushmouth gopherspace","/users/mushmouth/"
"sdf.org","70","/phlogs/","1","[19-Jul-2016] netscaler - Netscalers gopherspace","/users/netscaler/"
"sdf.org","70","/phlogs/","1","[22-Jun-2016]       vgk - वेणु गोपाल","/users/vgk/"
"sdf.org","70","/phlogs/","1","[06-Jun-2016]     kudut - 35000 Kenneth Udut's organized by Dewey Decimal (AI decided)","/users/kudut/"
"sdf.org","70","/phlogs/","1","[04-Jun-2016]       jsp - jsp's Personal Gopherspace","/users/jsp/"
"sdf.org","70","/phlogs/","1","[01-Jun-2016]     exile - Thoughts, questions, queries and qualms","/users/exile/"
"sdf.org","70","/phlogs/","1","[23-May-2016]   reppard - Reppard's Gopher Hole","/users/reppard/"
"sdf.org","70","/phlogs/","1","[14-May-2016]     wayne - Just go for it.","/users/wayne/"
"sdf.org","70","/phlogs/","1","[12-May-2016]      odie - things I made (and things other people made)","/users/odie/"
"sdf.org","70","/phlogs/","1","[29-Apr-2016] adeodatus - Phlog","/users/adeodatus/"
"sdf.org","70","/phlogs/","1","[17-Apr-2016]   heliarc - _ _ _ _ ____ _","/users/heliarc/"
"sdf.org","70","/phlogs/","1","[11-Mar-2016]tomatobodhi - Yin Feng's Chan Buddhist Gopherhole","/users/tomatobodhi/"
"sdf.org","70","/phlogs/","1","[30-Dec-2015]hypercoffeedude - My few bytes on the web thrown into the gopher hole!","/users/hypercoffeedude/"
"sdf.org","70","/phlogs/","1","[27-Dec-2015]       mpp - Phlog","/users/mpp/"
"sdf.org","70","/phlogs/","1","[27-Dec-2015]   seleuco - Espacio personal gopher de Manuel Jiménez Friaza","/users/seleuco/"
"sdf.org","70","/phlogs/","1","[15-Dec-2015]curious.koala - Phlog","/users/curious.koala/"
"sdf.org","70","/phlogs/","1","[04-Nov-2015]  lynx7os5 - Journey Down a Gopher Hole.","/users/lynx7os5/"
"sdf.org","70","/phlogs/","1","[29-Sep-2015]   danielo - danielo (el gopherspace)","/users/danielo/"
"sdf.org","70","/phlogs/","1","[27-Sep-2015]    turner - Turner's Gopher Space","/users/turner/"
"sdf.org","70","/phlogs/","1","[24-Sep-2015]  xiaoyong - A clear mind where text shine","/users/xiaoyong/"
"sdf.org","70","/phlogs/","1","[08-Sep-2015]       cel - cel's cool gopher space","/users/cel/"
"sdf.org","70","/phlogs/","1","[17-Aug-2015]     jfmxl - underground jfmxl","/users/jfmxl/"
"sdf.org","70","/phlogs/","1","[17-Jun-2015]  paleblue - My imaginative gopher pace","/users/paleblue/"
"sdf.org","70","/phlogs/","1","[16-Jun-2015] constable - Constable Gopher","/users/constable/"
"sdf.org","70","/phlogs/","1","[12-Jun-2015]      lear - Voice & Hats","/users/lear/"
"sdf.org","70","/phlogs/","1","[11-Jun-2015]  paulskin - Paulskin's Gopherspace - Warum Nicht?","/users/paulskin/"
"sdf.org","70","/phlogs/","1","[03-May-2015]    waterg - Waters' Gopher Site","/users/waterg/"
"sdf.org","70","/phlogs/","1","[30-Apr-2015]    plains - plains' gopherspace","/users/plains/"
"sdf.org","70","/phlogs/","1","[13-Apr-2015]    berlin - Phlog","/users/berlin/"
"sdf.org","70","/phlogs/","1","[21-Mar-2015]  lherrera - The spirits in me...","/users/lherrera/"
"sdf.org","70","/phlogs/","1","[15-Mar-2015]  marcuson - Iain Thoughts on Gaming, Computing, and More","/users/marcuson/"
"sdf.org","70","/phlogs/","1","[08-Mar-2015]  kristian - Journey into unix","/users/kristian/"
"sdf.org","70","/phlogs/","1","[04-Mar-2015]       dox - Dox' Gopher Site","/users/dox/"
"sdf.org","70","/phlogs/","1","[03-Mar-2015]  dkettman - Dave's Gopher Page","/users/dkettman/"
"sdf.org","70","/phlogs/","1","[01-Mar-2015]       mfa - mfa home","/users/mfa/"
"sdf.org","70","/phlogs/","1","[10-Feb-2015]       jmz - jmz-gopher","/users/jmz/"
"sdf.org","70","/phlogs/","1","[10-Feb-2015]    baheee - Baheee GOPHER","/users/baheee/"
"sdf.org","70","/phlogs/","1","[25-Jan-2015]    t0m5k1 - .::TOMSBOX::. phl0g","/users/t0m5k1/"
"sdf.org","70","/phlogs/","1","[21-Jan-2015]    kdavis - Adventure Partners!","/users/kdavis/"
"sdf.org","70","/phlogs/","1","[11-Dec-2014]  champlij - THE JIMMY JAMES","/users/champlij/"
"sdf.org","70","/phlogs/","1","[03-Dec-2014]ladywillow - the willow strand","/users/ladywillow/"
"sdf.org","70","/phlogs/","1","[24-Sep-2014]krisbrowne42 - MN SDF Unix Geek","/users/krisbrowne42/"
"sdf.org","70","/phlogs/","1","[24-Aug-2014]   unixrod - Phlog","/users/unixrod/"
"sdf.org","70","/phlogs/","1","[17-Aug-2014]     buena - Ariel David Buena | Gopherspace","/users/buena/"
"sdf.org","70","/phlogs/","1","[03-Aug-2014]     kchur - I AM KCHUR","/users/kchur/"
"sdf.org","70","/phlogs/","1","[01-Aug-2014]  atlasjan - Phlog","/users/atlasjan/"
"sdf.org","70","/phlogs/","1","[25-May-2014]   skellat -","/users/skellat/"
"sdf.org","70","/phlogs/","1","[11-May-2014]    echosa - Echosa's GOPHER Space","/users/echosa/"
"sdf.org","70","/phlogs/","1","[20-Apr-2014]   jeikner - jim in austin","/users/jeikner/"
"sdf.org","70","/phlogs/","1","[04-Apr-2014]   jamiros - Jamiros' programming GOPHER repository (Java,Perl,Bash,etc.)","/users/jamiros/"
"sdf.org","70","/phlogs/","1","[25-Mar-2014]      kali - Kali's cave","/users/kali/"
"sdf.org","70","/phlogs/","1","[18-Mar-2014]  tschuden - Phlog","/users/tschuden/"
"sdf.org","70","/phlogs/","1","[06-Mar-2014]  peteyboy - My Job Hunting","/users/peteyboy/"
"sdf.org","70","/phlogs/","1","[28-Feb-2014]    guzhen -","/users/guzhen/"
"sdf.org","70","/phlogs/","1","[14-Feb-2014]    vinnie - FoJaVi GS","/users/vinnie/"
"sdf.org","70","/phlogs/","1","[31-Jan-2014]    jturek - Phlog","/users/jturek/"
"sdf.org","70","/phlogs/","1","[16-Jan-2014]   crandom - Here we go again","/users/crandom/"
"sdf.org","70","/phlogs/","1","[05-Jan-2014] silent700 - Silent700 Gopher Hole","/users/silent700/"
"sdf.org","70","/phlogs/","1","[16-Dec-2013]tomrevilla - Phlog","/users/tomrevilla/"
"sdf.org","70","/phlogs/","1","[16-Nov-2013]   alberti - Bob Alberti's Gopher Directory","/users/alberti/"
"sdf.org","70","/phlogs/","1","[30-Oct-2013]puiterwijk - SDF User","/users/puiterwijk/"
"sdf.org","70","/phlogs/","1","[23-Oct-2013] vaeldroth - Phlog","/users/vaeldroth/"
"sdf.org","70","/phlogs/","1","[15-Oct-2013]  soolmaan - soolmaan's gopherspace - higherlivingrecords mirror","/users/soolmaan/"
"sdf.org","70","/phlogs/","1","[19-Sep-2013]  myst32yt - Ponder this...","/users/myst32yt/"
"sdf.org","70","/phlogs/","1","[03-Sep-2013]    ziggit - Ziggit's Gopherspace","/users/ziggit/"
"sdf.org","70","/phlogs/","1","[18-Aug-2013]     mbays - Nameless, Endless","/users/mbays/"
"sdf.org","70","/phlogs/","1","[16-Aug-2013]     tidux - Phlog","/users/tidux/"
"sdf.org","70","/phlogs/","1","[09-Aug-2013]    carter - Carter's Gopher Hole","/users/carter/"
"sdf.org","70","/phlogs/","1","[25-Jul-2013]  dionysus - Dionysus' hole of drunk gophers","/users/dionysus/"
"sdf.org","70","/phlogs/","1","[18-Jul-2013]    pngwen - The CS Gopher Hole","/users/pngwen/"
"sdf.org","70","/phlogs/","1","[16-Jul-2013]    xcitor - xcitor gopher","/users/xcitor/"
"sdf.org","70","/phlogs/","1","[30-Jun-2013]  cilipadi - Ruang Gopher Cilipadi","/users/cilipadi/"
"sdf.org","70","/phlogs/","1","[20-May-2013]    jecxjo - Jecxjo's Gopher Hole of stuff","/users/jecxjo/"
"sdf.org","70","/phlogs/","1","[17-May-2013]     x2180 - x2180's Gopher Hole","/users/x2180/"
"sdf.org","70","/phlogs/","1","[25-Apr-2013]    lneely - lneely's gopherspace","/users/lneely/"
"sdf.org","70","/phlogs/","1","[15-Apr-2013]      mewt - Simply Me","/users/mewt/"
"sdf.org","70","/phlogs/","1","[01-Apr-2013]   rudolph - RudGopherHole","/users/rudolph/"
"sdf.org","70","/phlogs/","1","[31-Mar-2013] chris5667 - My ThrowBack Page","/users/chris5667/"
"sdf.org","70","/phlogs/","1","[15-Mar-2013]     waynr - battery battery pullchain lampshade scoundrel","/users/waynr/"
"sdf.org","70","/phlogs/","1","[06-Mar-2013]    mishau - Digging the gopher","/users/mishau/"
"sdf.org","70","/phlogs/","1","[02-Mar-2013]    dkoren - six impossible things before breakfast","/users/dkoren/"
"sdf.org","70","/phlogs/","1","[29-Jan-2013]   califax - Califax diggs a hole.","/users/califax/"
"sdf.org","70","/phlogs/","1","[23-Jan-2013]   murfman - MurfMan's GopherSpace","/users/murfman/"
"sdf.org","70","/phlogs/","1","[19-Nov-2012]        xt - Phlog","/users/xt/"
"sdf.org","70","/phlogs/","1","[17-Nov-2012]stevecostigan24 - WOPR War Scenarios","/users/stevecostigan24/"
"sdf.org","70","/phlogs/","1","[26-Oct-2012]     evert - Gopherspace of Evert Meulie","/users/evert/"
"sdf.org","70","/phlogs/","1","[17-Sep-2012]  oubiwann - Electric Duncan","/users/oubiwann/"
"sdf.org","70","/phlogs/","1","[15-Sep-2012]     miche - miche's gopherspace","/users/miche/"
"sdf.org","70","/phlogs/","1","[25-Aug-2012]   denzuko - Temple of the Cyberlords","/users/denzuko/"
"sdf.org","70","/phlogs/","1","[05-Aug-2012]       irl - Iain R. Learmonth's Gopher Site","/users/irl/"
"sdf.org","70","/phlogs/","1","[27-Jul-2012]   lnxwalt - LNXWALT's World","/users/lnxwalt/"
"sdf.org","70","/phlogs/","1","[15-Jul-2012]    eudoxa - Thank you. Bravo. Welcome!","/users/eudoxa/"
"sdf.org","70","/phlogs/","1","[23-Jun-2012]      m50d - Phlog","/users/m50d/"
"sdf.org","70","/phlogs/","1","[12-Jun-2012]       rje - A bit, a bit...","/users/rje/"
"sdf.org","70","/phlogs/","1","[04-Jun-2012]  t3hyoshi - tymail","/users/t3hyoshi/"
"sdf.org","70","/phlogs/","1","[30-Apr-2012]   cerebro - My Personal Gopher Site ( Cerebro )","/users/cerebro/"
"sdf.org","70","/phlogs/","1","[18-Apr-2012]   mumb1es - All things Considered","/users/mumb1es/"
"sdf.org","70","/phlogs/","1","[25-Mar-2012]fatherjohnsomers - Phlog","/users/fatherjohnsomers/"
"sdf.org","70","/phlogs/","1","[23-Mar-2012]    bigato - Freedom through focused discipline","/users/bigato/"
"sdf.org","70","/phlogs/","1","[22-Mar-2012]      eddy - to dig deeper","/users/eddy/"
"sdf.org","70","/phlogs/","1","[19-Mar-2012]barrettchase - Obey the rules. Often enter. Organize your material.","/users/barrettchase/"
"sdf.org","70","/phlogs/","1","[10-Mar-2012]sakhenaten - Strawberry Akhenaten's Gopherspace","/users/sakhenaten/"
"sdf.org","70","/phlogs/","1","[10-Mar-2012]    rlopez - Ray's SDF Gopher Hole","/users/rlopez/"
"sdf.org","70","/phlogs/","1","[13-Feb-2012]  dnielsen - Exploring Gopher","/users/dnielsen/"
"sdf.org","70","/phlogs/","1","[08-Feb-2012]   buliwyf - Sons of the Neon Chrysanthemum","/users/buliwyf/"
"sdf.org","70","/phlogs/","1","[25-Jan-2012]        ku - Phlog","/users/ku/"
"sdf.org","70","/phlogs/","1","[11-Jan-2012]        dv - So Deep it's in the open","/users/dv/"
"sdf.org","70","/phlogs/","1","[04-Jan-2012]     chals - chalsattack gopher","/users/chals/"
"sdf.org","70","/phlogs/","1","[10-Dec-2011]  phreqmod - .: phremod :.","/users/phreqmod/"
"sdf.org","70","/phlogs/","1","[16-Nov-2011]    poplar - the place where nothing ever happens, sometimes.","/users/poplar/"
"sdf.org","70","/phlogs/","1","[13-Nov-2011]    nasohk - Just testing gopher :D","/users/nasohk/"
"sdf.org","70","/phlogs/","1","[11-Nov-2011]        hp - gohperspace","/users/hp/"
"sdf.org","70","/phlogs/","1","[24-Oct-2011]    zesago - Mark's Page","/users/zesago/"
"sdf.org","70","/phlogs/","1","[12-Oct-2011]    jubilo - Chaotic Snark","/users/jubilo/"
"sdf.org","70","/phlogs/","1","[06-Oct-2011]     darwa - Darwa's Gopher Site Long Live Gopher","/users/darwa/"
"sdf.org","70","/phlogs/","1","[16-Sep-2011]     fargo - Chaotic Epistemology","/users/fargo/"
"sdf.org","70","/phlogs/","1","[02-Aug-2011]    andahl - Fist a test","/users/andahl/"
"sdf.org","70","/phlogs/","1","[31-Jul-2011]   karnath - useless area","/users/karnath/"
"sdf.org","70","/phlogs/","1","[24-Jul-2011]  djringjr - Historic Morse Code Files","/users/djringjr/"
"sdf.org","70","/phlogs/","1","[13-Jul-2011]     anise - Wisconsin Flora Phlog","/users/anise/"
"sdf.org","70","/phlogs/","1","[23-Feb-2011]  sinewave - Sinewave's GopherSpace","/users/sinewave/"
"sdf.org","70","/phlogs/","1","[23-Feb-2011]     rider - Fortress's Gopher space of mine","/users/rider/"
"sdf.org","70","/phlogs/","1","[06-Feb-2011]  nolondon - Phlog","/users/nolondon/"
"sdf.org","70","/phlogs/","1","[02-Feb-2011]   clemens - Michael Clemens","/users/clemens/"
"sdf.org","70","/phlogs/","1","[11-Jan-2011]   octotep - Octotep's Gopherspace","/users/octotep/"
"sdf.org","70","/phlogs/","1","[26-Dec-2010]   melkaye - The story of Mel","/users/melkaye/"
"sdf.org","70","/phlogs/","1","[12-Dec-2010]       hky - Hengky Anwar's Gopher Space","/users/hky/"
"sdf.org","70","/phlogs/","1","[09-Dec-2010]       pmg - Phlog","/users/pmg/"
"sdf.org","70","/phlogs/","1","[09-Dec-2010]       jjh - Jack's gopher hole","/users/jjh/"
"sdf.org","70","/phlogs/","1","[02-Dec-2010]   qwerty7 - qwerty7's little slice of SDF","/users/qwerty7/"
"sdf.org","70","/phlogs/","1","[20-Nov-2010]    norris - norris' gopherspace","/users/norris/"
"sdf.org","70","/phlogs/","1","[19-Nov-2010]     akess - Just a quick gopher site","/users/akess/"
"sdf.org","70","/phlogs/","1","[17-Nov-2010]    wredny - wredny","/users/wredny/"
"sdf.org","70","/phlogs/","1","[23-Oct-2010]    ledger - Robert's Gopher Hole","/users/ledger/"
"sdf.org","70","/phlogs/","1","[21-Oct-2010]      tedd - To Phlog a Dead Horse","/users/tedd/"
"sdf.org","70","/phlogs/","1","[03-Oct-2010]   mprotts - Mike's gopher site","/users/mprotts/"
"sdf.org","70","/phlogs/","1","[04-Sep-2010]      ulas - ULAS DOSYALAR","/users/ulas/"
"sdf.org","70","/phlogs/","1","[14-Jul-2010]    shaine - Shaine's Gopher Hole","/users/shaine/"
"sdf.org","70","/phlogs/","1","[21-May-2010]       rkb - rkb's micro/metafiction warehouse","/users/rkb/"
"sdf.org","70","/phlogs/","1","[18-May-2010]      troy - Troy's Gopher Space","/users/troy/"
"sdf.org","70","/phlogs/","1","[10-May-2010]   spudboy - Ideologue Cabin","/users/spudboy/"
"sdf.org","70","/phlogs/","1","[02-May-2010]  wineskin - Bill Powell is Alive","/users/wineskin/"
"sdf.org","70","/phlogs/","1","[01-May-2010]  newmanbe - Benn's Personal Site","/users/newmanbe/"
"sdf.org","70","/phlogs/","1","[24-Apr-2010]   andreas - Andreas' Gopherspace!","/users/andreas/"
"sdf.org","70","/phlogs/","1","[31-Mar-2010]  knightrd - System Admin Scripting","/users/knightrd/"
"sdf.org","70","/phlogs/","1","[05-Mar-2010]   wallabi - !! Wallas hidden gully ? !!","/users/wallabi/"
"sdf.org","70","/phlogs/","1","[11-Feb-2010]    kc4ayx - Gopher Hole of a Navy Wife and Nurse Intern","/users/kc4ayx/"
"sdf.org","70","/phlogs/","1","[26-Jan-2010]       lnb - lostnblog","/users/lnb/"
"sdf.org","70","/phlogs/","1","[16-Jan-2010]     jkalb - Jim Kalb's gopherspace","/users/jkalb/"
"sdf.org","70","/phlogs/","1","[30-Dec-2009]  intercal - Phlog","/users/intercal/"
"sdf.org","70","/phlogs/","1","[23-Dec-2009]      anax - Gregors Gophermole 0.1","/users/anax/"
"sdf.org","70","/phlogs/","1","[14-Dec-2009]   marcmmw - Marc Meléndez Schofield","/users/marcmmw/"
"sdf.org","70","/phlogs/","1","[13-Dec-2009]       lpg -","/users/lpg/"
"sdf.org","70","/phlogs/","1","[03-Dec-2009]     roint - La Goferejo de Roint: Ekzerco de Konscia Malfacileco","/users/roint/"
"sdf.org","70","/phlogs/","1","[30-Nov-2009]     happy - happy","/users/happy/"
"sdf.org","70","/phlogs/","1","[30-Nov-2009]        wt - From the Hinterlands","/users/wt/"
"sdf.org","70","/phlogs/","1","[29-Nov-2009]      cowl - Cowl","/users/cowl/"
"sdf.org","70","/phlogs/","1","[26-Nov-2009]   polluks - World of Polluks","/users/polluks/"
"sdf.org","70","/phlogs/","1","[26-Nov-2009]       agf - agf gopherspace","/users/agf/"
"sdf.org","70","/phlogs/","1","[25-Nov-2009]  tgampper - Terry Gampper's Gopherspace","/users/tgampper/"
"sdf.org","70","/phlogs/","1","[22-Nov-2009]      denv - Hacking - Computing Kelt Security 2006","/users/denv/"
"sdf.org","70","/phlogs/","1","[22-Nov-2009]    simple - SiMpLe MaChInEs","/users/simple/"
"sdf.org","70","/phlogs/","1","[21-Nov-2009]  bulibuta - Phlog","/users/bulibuta/"
"sdf.org","70","/phlogs/","i","______________________________________________________________________"
"sdf.org","70","/phlogs/","i","                      Gophered by Gophernicus/1.6 on NetBSD/amd64 7.1"
"sdf.org","70","/phlogs/",".","Full Stop Received"
"sdf.org","70","/maps/","i","Welcome to the SDF User Gopherspace"
"sdf.org","70","/maps/","i",""
"sdf.org","70","/maps/","i","Here you will find SDF User gopher sites in alphabetical"
"sdf.org","70","/maps/","i","and chronological order.  To get your site listed here,"
"sdf.org","70","/maps/","i","just type 'mkgopher' at the shell."
"sdf.org","70","/maps/","i",""
"sdf.org","70","/maps/","1","[a] 0150 SDF User Gopher Sites","/maps/a"
"sdf.org","70","/maps/","1","[b] 0147 SDF User Gopher Sites","/maps/b"
"sdf.org","70","/maps/","1","[c] 0174 SDF User Gopher Sites","/maps/c"
"sdf.org","70","/maps/","1","[d] 0198 SDF User Gopher Sites","/maps/d"
"sdf.org","70","/maps/","1","[e] 0095 SDF User Gopher Sites","/maps/e"
"sdf.org","70","/maps/","1","[f] 0066 SDF User Gopher Sites","/maps/f"
"sdf.org","70","/maps/","1","[g] 0091 SDF User Gopher Sites","/maps/g"
"sdf.org","70","/maps/","1","[h] 0075 SDF User Gopher Sites","/maps/h"
"sdf.org","70","/maps/","1","[i] 0068 SDF User Gopher Sites","/maps/i"
"sdf.org","70","/maps/","1","[j] 0160 SDF User Gopher Sites","/maps/j"
"sdf.org","70","/maps/","1","[k] 0133 SDF User Gopher Sites","/maps/k"
"sdf.org","70","/maps/","1","[l] 0086 SDF User Gopher Sites","/maps/l"
"sdf.org","70","/maps/","1","[m] 0235 SDF User Gopher Sites","/maps/m"
"sdf.org","70","/maps/","1","[n] 0126 SDF User Gopher Sites","/maps/n"
"sdf.org","70","/maps/","1","[o] 0044 SDF User Gopher Sites","/maps/o"
"sdf.org","70","/maps/","1","[p] 0121 SDF User Gopher Sites","/maps/p"
"sdf.org","70","/maps/","1","[q] 0014 SDF User Gopher Sites","/maps/q"
"sdf.org","70","/maps/","1","[r] 0125 SDF User Gopher Sites","/maps/r"
"sdf.org","70","/maps/","1","[s] 0239 SDF User Gopher Sites","/maps/s"
"sdf.org","70","/maps/","1","[t] 0147 SDF User Gopher Sites","/maps/t"
"sdf.org","70","/maps/","1","[u] 0031 SDF User Gopher Sites","/maps/u"
"sdf.org","70","/maps/","1","[v] 0047 SDF User Gopher Sites","/maps/v"
"sdf.org","70","/maps/","1","[w] 0059 SDF User Gopher Sites","/maps/w"
"sdf.org","70","/maps/","1","[x] 0034 SDF User Gopher Sites","/maps/x"
"sdf.org","70","/maps/","1","[y] 0020 SDF User Gopher Sites","/maps/y"
"sdf.org","70","/maps/","1","[z] 0055 SDF User Gopher Sites","/maps/z"
"sdf.org","70","/maps/","i","______________________________________________________________________"
"sdf.org","70","/maps/","i","                      Gophered by Gophernicus/1.6 on NetBSD/amd64 7.1"
"sdf.org","70","/maps/",".","Full Stop Received"
"sdf.org","70","/sdf/faq/","1","BASICS  SDF History and UNIX Basics - START HERE","/sdf/faq/BASICS"
"sdf.org","70","/sdf/faq/","1","CHAT    Questions about IRC, ICQ and such.","/sdf/faq/CHAT"
"sdf.org","70","/sdf/faq/","1","DIALUP  SDF's TENEX National Dialup PPP Membership","/sdf/faq/DIALUP"
"sdf.org","70","/sdf/faq/","1","EMAIL   Questions about INTERNETWORKED EMAIL.","/sdf/faq/EMAIL"
"sdf.org","70","/sdf/faq/","1","GAMES   Single and Multiuser GAMES.","/sdf/faq/GAMES"
"sdf.org","70","/sdf/faq/","1","GOPHER  Gopherspace questions and answers.","/sdf/faq/GOPHER"
"sdf.org","70","/sdf/faq/","1","MDNS    Dynamic DNS with mdns.org ","/sdf/faq/MDNS"
"sdf.org","70","/sdf/faq/","1","MEMBERS SDF Membership Information and Responsibilities","/sdf/faq/MEMBERS"
"sdf.org","70","/sdf/faq/","1","MISC    Miscellaneous, Odd and Very Interesting Questions  ","/sdf/faq/MISC"
"sdf.org","70","/sdf/faq/","1","MOTD    Coding, Journals, Forums and Galleries for UNIX Hackers","/sdf/faq/MOTD"
"sdf.org","70","/sdf/faq/","1","MYSQL   SDF's MySQL database server","/sdf/faq/MYSQL"
"sdf.org","70","/sdf/faq/","1","TEACH   Using SDF to teach UNIX and NET concepts.","/sdf/faq/TEACH"
"sdf.org","70","/sdf/faq/","1","TECHIES Advanced UNIX Topics, UUCP and programming.","/sdf/faq/TECHIES"
"sdf.org","70","/sdf/faq/","1","TWENEX  SDF's Project TENEX Free Software Community","/sdf/faq/TWENEX"
"sdf.org","70","/sdf/faq/","1","UNIX    Questions about UNIX Shells.","/sdf/faq/UNIX"
"sdf.org","70","/sdf/faq/","1","USENET  Newsgroup Questions and News READERS","/sdf/faq/USENET"
"sdf.org","70","/sdf/faq/","1","VHOST   Virtual Hosting and Domain Name Service.","/sdf/faq/VHOST"
"sdf.org","70","/sdf/faq/","1","WEB     Webserver questions and answers.","/sdf/faq/WEB"
"sdf.org","70","/sdf/faq/","i","______________________________________________________________________"
"sdf.org","70","/sdf/faq/","i","                      Gophered by Gophernicus/1.6 on NetBSD/amd64 7.1"
"sdf.org","70","/sdf/faq/",".","Full Stop Received"
"sdf.org","70","/sdf/classes/","i","[/sdf/classes/]"
"sdf.org","70","/sdf/classes/","i",""
"sdf.org","70","/sdf/classes/","1","..                                                                   ","/sdf/"
"sdf.org","70","/sdf/classes/","0","CAB213_FALL_2011                         2011-Nov-05 21:23    15.1 KB","/sdf/classes/CAB213_FALL_2011"
"sdf.org","70","/sdf/classes/","0","CSS41_FALL_2010_HARTNELL.txt             2010-Jul-29 13:35    10.7 KB","/sdf/classes/CSS41_FALL_2010_HARTNELL.txt"
"sdf.org","70","/sdf/classes/","h","CTN160_WINTER_2010_SSCC.html             2010-Jan-07 00:08    20.7 KB","/sdf/classes/CTN160_WINTER_2010_SSCC.html"
"sdf.org","70","/sdf/classes/","0","Dosso_Linux_FALL_2010.txt                2010-Oct-03 04:18     3.3 KB","/sdf/classes/Dosso_Linux_FALL_2010.txt"
"sdf.org","70","/sdf/classes/","0","NSISD_FALL_2010_NISD-NET.txt             2010-Sep-08 03:45     2.5 KB","/sdf/classes/NSISD_FALL_2010_NISD-NET.txt"
"sdf.org","70","/sdf/classes/","0","SDF0801_SUMMER_2008.txt                  2008-Aug-18 17:54     0.9 KB","/sdf/classes/SDF0801_SUMMER_2008.txt"
"sdf.org","70","/sdf/classes/","i","______________________________________________________________________"
"sdf.org","70","/sdf/classes/","i","                      Gophered by Gophernicus/1.6 on NetBSD/amd64 7.1"
"sdf.org","70","/sdf/classes/",".","Full Stop Received"
"sdf.org","70","/computers","i","[/computers/]"
"sdf.org","70","/computers","i",""
"sdf.org","70","/computers","1","..                                                                   ","/"
"sdf.org","70","/computers","1","3b1                                      2009-May-11 00:03        -  ","/computers/3b1/"
"sdf.org","70","/computers","1","3b2                                      2009-May-21 01:08        -  ","/computers/3b2/"
"sdf.org","70","/computers","1","apple                                    2015-Jul-14 00:06        -  ","/computers/apple/"
"sdf.org","70","/computers","1","cpm                                      2003-Jul-31 22:42        -  ","/computers/cpm/"
"sdf.org","70","/computers","1","historical                               2011-Sep-16 05:11        -  ","/computers/historical/"
"sdf.org","70","/computers","1","internet                                 2014-Apr-10 01:07        -  ","/computers/internet/"
"sdf.org","70","/computers","1","mklinux                                  2004-Jan-03 03:56        -  ","/computers/mklinux/"
"sdf.org","70","/computers","1","multics                                  2003-Jan-08 07:22        -  ","/computers/multics/"
"sdf.org","70","/computers","1","pcjr                                     2003-Jul-24 20:53        -  ","/computers/pcjr/"
"sdf.org","70","/computers","1","pdp10                                    2013-Jun-30 23:08        -  ","/computers/pdp10/"
"sdf.org","70","/computers","1","sgi                                      2017-Mar-14 02:08        -  ","/computers/sgi/"
"sdf.org","70","/computers","1","toshiba                                  2003-Jan-08 07:23        -  ","/computers/toshiba/"
"sdf.org","70","/computers","1","vt100                                    2013-Jul-01 00:24        -  ","/computers/vt100/"
"sdf.org","70","/computers","1","windows                                  2003-Jan-08 07:29        -  ","/computers/windows/"
"sdf.org","70","/computers","0","README                                   2003-Jul-24 18:36     0.1 KB","/computers/README"
"sdf.org","70","/computers","i","______________________________________________________________________"
"sdf.org","70","/computers","i","                      Gophered by Gophernicus/1.6 on NetBSD/amd64 7.1"
"sdf.org","70","/computers",".","Full Stop Received"
"sdf.org","70","/NetBSD/","3","Error: File or directory not found!"
"sdf.org","70","/NetBSD/","i","______________________________________________________________________"
"sdf.org","70","/NetBSD/","i","                      Gophered by Gophernicus/1.6 on NetBSD/amd64 7.1"
"sdf.org","70","/NetBSD/",".","Full Stop Received"
"sdf.org","70","/users/yargo/","0","Current Time","/users/yargo/cgi-bin/time.cgi"
"sdf.org","70","/users/yargo/","i","Yargo's Gopherspace"
"sdf.org","70","/users/yargo/","0","About this place","/users/yargo/about.txt"
"sdf.org","70","/users/yargo/","i"," ...which is hosted on"
"sdf.org","70","/users/yargo/","1","My Phlog is called glog","/users/yargo/glog"
"sdf.org","70","/users/yargo/","1","OptoMors plog","/users/yargo/om"
"sdf.org","70","/users/yargo/","i",""
"sdf.org","70","/users/yargo/","i","Here is chag, the gopher chat (works again after being down in 2015):"
"sdf.org","70","/users/yargo/","7","Enter your message as search term!","/users/yargo/cgi-bin/chag.cgi"
"sdf.org","70","/users/yargo/","0","...and read the message file here!","/users/yargo/chagfile.txt"
"sdf.org","70","/users/yargo/","i",""
"sdf.org","70","/users/yargo/","1","Personal texts and images","/users/yargo/personal"
"sdf.org","70","/users/yargo/","1","Scripts I wrote","/users/yargo/scripts"
"sdf.org","70","/users/yargo/","i"," (Unless indicated otherwise, GPL applies to these scripts.)"
"sdf.org","70","/users/yargo/","i"," Please note: these are mostly old ones. Current ones published on my"
"sdf.org","70","/users/yargo/","i"," Git repositories, but not yet mirrored in my gopherhole. See website:"
"sdf.org","70","/users/yargo/","h","Gits","URL:http://yargo.andropov.org/gits/"
"sdf.org","70","/users/yargo/","1","Interesting sites","/users/yargo/sites"
"sdf.org","70","/users/yargo/","1","Images and Stuff (possibly from others)","/users/yargo/images"
"sdf.org","70","/users/yargo/","i",""
"sdf.org","70","/users/yargo/","i",""
"sdf.org","70","/users/yargo/","i"," ---"
"sdf.org","70","/users/yargo/","i"," updated: 2017-9-6"
"sdf.org","70","/users/yargo/","i","______________________________________________________________________"
"sdf.org","70","/users/yargo/","i","                      Gophered by Gophernicus/1.6 on NetBSD/amd64 7.1"
"sdf.org","70","/users/yargo/",".","Full Stop Received"
"sdf.org","70","/users/strixy/","i","strixy's gopherhole"
"sdf.org","70","/users/strixy/","i",""
"sdf.org","70","/users/strixy/","i","         888            d8b"
"sdf.org","70","/users/strixy/","i","         888            Y8P"
"sdf.org","70","/users/strixy/","i","         888"
"sdf.org","70","/users/strixy/","i",",d8888b  888888 888d888 888 888  888 888  888"
"sdf.org","70","/users/strixy/","i","88K      888    888P   888 'Y8bd8P' 888  888"
"sdf.org","70","/users/strixy/","i","Y8888b, 888    888     888   X88K   888  888"
"sdf.org","70","/users/strixy/","i","     X88 Y88b,  888     888 ,d88b, Y88b 888"
"sdf.org","70","/users/strixy/","i"," 88888P'  Y888 888     888 888  888  Y88888"
"sdf.org","70","/users/strixy/","i","                                          888"
"sdf.org","70","/users/strixy/","i","                                     Y8b d88P"
"sdf.org","70","/users/strixy/","i","                                      Y88P"
"sdf.org","70","/users/strixy/","i",""
"sdf.org","70","/users/strixy/","i","==== Last Updated: September 18th, 2017 ===="
"sdf.org","70","/users/strixy/","i",""
"sdf.org","70","/users/strixy/","1","My Phlog","/users/strixy/phlog"
"sdf.org","70","/users/strixy/","i",""
"sdf.org","70","/users/strixy/","i",""
"sdf.org","70","/users/strixy/","i","==== Phlogs ===="
"sdf.org","70","/users/strixy/","i",""
"sdf.org","70","/users/strixy/","1","SDF Phlogs","/phlogs"
"sdf.org","70","/users/strixy/","i",""
"sdf.org","70","/users/strixy/","i",""
"sdf.org","70","/users/strixy/","i","==== Community ===="
"sdf.org","70","/users/strixy/","i",""
"sdf.org","70","/users/strixy/","1","nonlinear","/users/nonlinear"
"sdf.org","70","/users/strixy/","1","tomasino","/users/tomasino"
"sdf.org","70","/users/strixy/","i",""
"sdf.org","70","/users/strixy/","i",""
"sdf.org","70","/users/strixy/","i","==== Gopher ===="
"sdf.org","70","/users/strixy/","i",""
"sdf.org","70","/users/strixy/","i",""
"sdf.org","70","/users/strixy/","i",""
"sdf.org","70","/users/strixy/","i","==== Contact ===="
"sdf.org","70","/users/strixy/","i",""
"sdf.org","70","/users/strixy/","0","finger-to-gopher","strixy"
"sdf.org","70","/users/strixy/","i",""
"sdf.org","70","/users/strixy/","i","email:       strixy@sdf.org"
"sdf.org","70","/users/strixy/","i","fingerprint: 65313256BF8FA0B5C861CE3C9E8C8288A3476321"
"sdf.org","70","/users/strixy/","i",""
"sdf.org","70","/users/strixy/","i","tox:         C668D0F3D6AAEA07E5EC57A12D63365596C78A/"
"sdf.org","70","/users/strixy/","i","             F9AF504798450C8ECBD49902107A80C44BD43E"
"sdf.org","70","/users/strixy/","i",""
"sdf.org","70","/users/strixy/","i","mastodon:    @strixy@mastodon.sdf.org"
"sdf.org","70","/users/strixy/","i","VoIP:        1898@sip.sdf.org"
"sdf.org","70","/users/strixy/","i",""
"sdf.org","70","/users/strixy/","i","______________________________________________________________________"
"sdf.org","70","/users/strixy/","i","                      Gophered by Gophernicus/1.6 on NetBSD/amd64 7.1"
"sdf.org","70","/users/strixy/",".","Full Stop Received"
"sdf.org","70","/users/hobbsc/","i","Christopher M. Hobbs"
"sdf.org","70","/users/hobbsc/","i",""
"sdf.org","70","/users/hobbsc/","i","General family man, domestic punk, mercenary developer, network"
"sdf.org","70","/users/hobbsc/","i","cowboy, free software advocate, and armchair activist. I do filthy,"
"sdf.org","70","/users/hobbsc/","i","nerdy things..."
"sdf.org","70","/users/hobbsc/","i",""
"sdf.org","70","/users/hobbsc/","i","Tox:        DC182B7B6599146143B6438CB3B1728B02FF83\"
"sdf.org","70","/users/hobbsc/","i","            D5AA64A61386D08B15C66A3F75FAF6AC0D68E7"
"sdf.org","70","/users/hobbsc/","i","XMPP:       cmhobbs@jabber.manor.space"
"sdf.org","70","/users/hobbsc/","i","Email:      cmhobbs@member.fsf.org"
"sdf.org","70","/users/hobbsc/","i","GPG:        1200 0808 F968 47AB F489 91A3 FE26 6FFB 1A77 0868"
"sdf.org","70","/users/hobbsc/","i",""
"sdf.org","70","/users/hobbsc/","0","About Me","/users/hobbsc/About"
"sdf.org","70","/users/hobbsc/","i",""
"sdf.org","70","/users/hobbsc/","1","My Phlog","/users/hobbsc/phlog"
"sdf.org","70","/users/hobbsc/","i",""
"sdf.org","70","/users/hobbsc/","h","The Manor","URL:http://manor.space"
"sdf.org","70","/users/hobbsc/","1","Floodgap Gopherspace","/users/hobbsc/gopher.floodgap.org 70"
"sdf.org","70","/users/hobbsc/","i",""
"sdf.org","70","/users/hobbsc/","0","Why is Gopher Still Relevant?","/gopher/relevance.txt"
"sdf.org","70","/users/hobbsc/","i","______________________________________________________________________"
"sdf.org","70","/users/hobbsc/","i","                      Gophered by Gophernicus/1.6 on NetBSD/amd64 7.1"
"sdf.org","70","/users/hobbsc/",".","Full Stop Received"
