"tomatobodhi.twilightparadox.com","70","","i","THE BLUE LOTUS SANGHA"
"tomatobodhi.twilightparadox.com","70","","i",""
"tomatobodhi.twilightparadox.com","70","","i","====================================================================="
"tomatobodhi.twilightparadox.com","70","","i","Blue Lotus Sangha is a small practicing community in Northwest"
"tomatobodhi.twilightparadox.com","70","","i","Arkansas, affiliated with the Hsu Yun Chan Yuen through its senior"
"tomatobodhi.twilightparadox.com","70","","i","brother, Ven. Yin Feng Shakya."
"tomatobodhi.twilightparadox.com","70","","i",""
"tomatobodhi.twilightparadox.com","70","","1","Why This Site Looks Like it Does","/whygopher"
"tomatobodhi.twilightparadox.com","70","","i","====================================================================="
"tomatobodhi.twilightparadox.com","70","","i",""
"tomatobodhi.twilightparadox.com","70","","h","The Blue Lotus Sangha CALENDAR","/URL:https://calendar.google.com/calendar/embed?src=asv6ki8mch228mdoq4sp3po73040group.calendar.google.com&ctz=America/Chicago"
"tomatobodhi.twilightparadox.com","70","","h","The Blue Lotus Sangha CALENDAR (HTML Version)","/URL:https://calendar.google.com/calendar/htmlembed?src=asv6ki8mch228mdoq4sp3po73040group.calendar.google.com&ctz=America/Chicago"
"tomatobodhi.twilightparadox.com","70","","i",""
"tomatobodhi.twilightparadox.com","70","","1","Dharma Thoughts","/phlog"
"tomatobodhi.twilightparadox.com","70","","i","A blog-like collection of Shakya's reflections on the Buddhadharma."
"tomatobodhi.twilightparadox.com","70","","i",""
"tomatobodhi.twilightparadox.com","70","","1","Dharma Audio","/voice"
"tomatobodhi.twilightparadox.com","70","","i","These are voice recordings of some of Yin Feng Shakya's talks"
"tomatobodhi.twilightparadox.com","70","","i","given at various sanghas and other miscellaneous recordings of"
"tomatobodhi.twilightparadox.com","70","","i","Dharma thoughts. (MP3 and SPEEX format.)"
"tomatobodhi.twilightparadox.com","70","","i",""
"tomatobodhi.twilightparadox.com","70","","1","Chan Buddhist Texts and Articles","/texts"
"tomatobodhi.twilightparadox.com","70","","i","Want to learn more about Chan (Zen)? Here you can find texts and"
"tomatobodhi.twilightparadox.com","70","","i","articles including essays, devotional readings, reproducible books,"
"tomatobodhi.twilightparadox.com","70","","i","poems, etc."
"tomatobodhi.twilightparadox.com","70","","i",""
"tomatobodhi.twilightparadox.com","70","","1","Sutras (Scriptures)","/sutras"
"tomatobodhi.twilightparadox.com","70","","i","Mahayana Buddhists do not have a closed or universal canon of"
"tomatobodhi.twilightparadox.com","70","","i","scriptures. Every tradition, denomination, and school privileges a"
"tomatobodhi.twilightparadox.com","70","","i","particular collection of sutras in their practice. Here you can find"
"tomatobodhi.twilightparadox.com","70","","i","some of the sutras that are privileged by the Order of Hsu Yun and"
"tomatobodhi.twilightparadox.com","70","","i","Yin Feng Shakya's local sangha (community or congregation)."
"tomatobodhi.twilightparadox.com","70","","i",""
"tomatobodhi.twilightparadox.com","70","","1","Liturgical Texts","/liturgical_texts"
"tomatobodhi.twilightparadox.com","70","","i","The practices of Buddhadharma include meditation, sutras, chanting,"
"tomatobodhi.twilightparadox.com","70","","i","mantra, dietary regulation, and many other disciplines. Historic"
"tomatobodhi.twilightparadox.com","70","","i","liturgies help give shape and order to the disciples' practices."
"tomatobodhi.twilightparadox.com","70","","i",""
"tomatobodhi.twilightparadox.com","70","","1","Chan Buddhist Holy Days","/holidays"
"tomatobodhi.twilightparadox.com","70","","i",""
"tomatobodhi.twilightparadox.com","70","","1","Chan Buddhist Prayers","/prayers"
"tomatobodhi.twilightparadox.com","70","","i",""
"tomatobodhi.twilightparadox.com","70","","h","The Zen Buddhist Order of Hsu Yun","/URL:http://www.hsuyun.org"
"tomatobodhi.twilightparadox.com","70","","i","The religious order to which Yin Feng Shakya belongs."
"tomatobodhi.twilightparadox.com","70","","i",""
"tomatobodhi.twilightparadox.com","70","","1","Non-Buddhist Books and Texts","/sectexts"
"tomatobodhi.twilightparadox.com","70","","i","Books and texts of spiritual, historical, and philosophical value"
"tomatobodhi.twilightparadox.com","70","","i","from non-Buddhist sources."
"tomatobodhi.twilightparadox.com","70","","i",""
"tomatobodhi.twilightparadox.com","70","","1","All the Other Things Phlog","/liphlog"
"tomatobodhi.twilightparadox.com","70","","i","Here is my personal secular phlog, where I address Linux,"
"tomatobodhi.twilightparadox.com","70","","i","retro-computing, martial arts, career, and all the other things that"
"tomatobodhi.twilightparadox.com","70","","i","are noteworthy to me."
"tomatobodhi.twilightparadox.com","70","","i",""
"tomatobodhi.twilightparadox.com","70","","i","====================================================================="
"tomatobodhi.twilightparadox.com","70","","i","Below you will find links and materials not directly related to the"
"tomatobodhi.twilightparadox.com","70","","i","Buddhadharma. [NOTE: Some of the materials can only be accessed with"
"tomatobodhi.twilightparadox.com","70","","i","a gopher-capable browser.]"
"tomatobodhi.twilightparadox.com","70","","i","====================================================================="
"tomatobodhi.twilightparadox.com","70","","i",""
"tomatobodhi.twilightparadox.com","70","","i","Wikipedia for Gopher Protocol! If you are a lynxer like I am, this"
"tomatobodhi.twilightparadox.com","70","","i","is a great alternative to the normal http url."
"tomatobodhi.twilightparadox.com","70","","i",""
"tomatobodhi.twilightparadox.com","70","","0","My Local Weather","/groundhog/usa/forecast3far201"
"tomatobodhi.twilightparadox.com","70","","i",""
"tomatobodhi.twilightparadox.com","70","","1","Links to My (Other) Favorite Gopherholes","/links"
"tomatobodhi.twilightparadox.com","70","","i",""
"tomatobodhi.twilightparadox.com","70","","1","Downloadable Music (100 Legal)","/music"
"tomatobodhi.twilightparadox.com","70","","i",""
"tomatobodhi.twilightparadox.com","70","","i","====================================================================="
"tomatobodhi.twilightparadox.com","70","","i","This Server may be powered-down during lightning storms, which"
"tomatobodhi.twilightparadox.com","70","","i","are common in my region. It will be restored when the weather passes."
"tomatobodhi.twilightparadox.com","70","","i",""
"tomatobodhi.twilightparadox.com","70","","i","email: marc@lotusnwa.com"
"tomatobodhi.twilightparadox.com","70","","i","====================================================================="
"tomatobodhi.twilightparadox.com","70","/whygopher","i","WHY THIS SITE LOOKS LIKE IT DOES..."
"tomatobodhi.twilightparadox.com","70","/whygopher","i",""
"tomatobodhi.twilightparadox.com","70","/whygopher","i","I use the gopher protocol, a precursor of the modern world wide"
"tomatobodhi.twilightparadox.com","70","/whygopher","i","web."
"tomatobodhi.twilightparadox.com","70","/whygopher","i",""
"tomatobodhi.twilightparadox.com","70","/whygopher","i","The WWW has become so cluttered! Every page is full of pop-ups,"
"tomatobodhi.twilightparadox.com","70","/whygopher","i","videos, bells and whistles to draw one's attention, and advertising."
"tomatobodhi.twilightparadox.com","70","/whygopher","i","Traveling around the internet has become like walking down a"
"tomatobodhi.twilightparadox.com","70","/whygopher","i","bustling, loud, crowded street in Tokyo or New York City. It is very"
"tomatobodhi.twilightparadox.com","70","/whygopher","i","difficult to find peace, concentrate, or think clearly about important"
"tomatobodhi.twilightparadox.com","70","/whygopher","i","matters in such a setting."
"tomatobodhi.twilightparadox.com","70","/whygopher","i",""
"tomatobodhi.twilightparadox.com","70","/whygopher","i","I prefer the simplicity and honesty of gopher. It makes traveling"
"tomatobodhi.twilightparadox.com","70","/whygopher","i","the internet feel more like walking through a quiet village, speaking"
"tomatobodhi.twilightparadox.com","70","/whygopher","i","with neighbors as you go. There is a sense that what is exchanged is"
"tomatobodhi.twilightparadox.com","70","/whygopher","i","honest, heartfelt, and genuine, without hawkers trying to sell you"
"tomatobodhi.twilightparadox.com","70","/whygopher","i","something or dazzle you with their newest worthless baubles. You may"
"tomatobodhi.twilightparadox.com","70","/whygopher","i","take your time to read, listen, and concentrate on the material"
"tomatobodhi.twilightparadox.com","70","/whygopher","i","presented without distraction or feeling rushed."
"tomatobodhi.twilightparadox.com","70","/whygopher","i",""
"tomatobodhi.twilightparadox.com","70","/whygopher","i","You may find the sudden slow pace of an old-fashioned gopher site to"
"tomatobodhi.twilightparadox.com","70","/whygopher","i","be jarring or boring after years of exposure to the world wide web,"
"tomatobodhi.twilightparadox.com","70","/whygopher","i","but there is a great deal of valuable material offered on this site"
"tomatobodhi.twilightparadox.com","70","/whygopher","i","for those who are more interested in content than presentation."
"tomatobodhi.twilightparadox.com","70","/whygopher","i",""
"tomatobodhi.twilightparadox.com","70","/whygopher","i","To you, I say: Welcome!"
"tomatobodhi.twilightparadox.com","70","/whygopher","i",""
"tomatobodhi.twilightparadox.com","70","/whygopher","i","YFS"
"tomatobodhi.twilightparadox.com","70","/phlog","i","Yin Feng's Chan Buddhist PHLOG"
"tomatobodhi.twilightparadox.com","70","/phlog","i","======================================="
"tomatobodhi.twilightparadox.com","70","/phlog","i",""
"tomatobodhi.twilightparadox.com","70","/phlog","1","Diamond Devotions - Chapter 1 (04-11-16)","/phlog/04-11-16"
"tomatobodhi.twilightparadox.com","70","/phlog","1","Breathing Sutras (04-01-16)","/phlog/04-01-16"
"tomatobodhi.twilightparadox.com","70","/phlog","1","Mind and Body Fall Away (03-11-16)","/phlog/03-11-16"
"tomatobodhi.twilightparadox.com","70","/phlog","1","Practice vs. Tradition (01-08-16)","/phlog/01-08-16"
"tomatobodhi.twilightparadox.com","70","/phlog","1","Anfechtung (11-21-15)","/phlog/11-21-15"
"tomatobodhi.twilightparadox.com","70","/phlog","1","Between One and Two (10-27-15)","/phlog/10-27-15"
"tomatobodhi.twilightparadox.com","70","/phlog","1","Stabilitas (09-29-15)","/phlog/09-29-15"
"tomatobodhi.twilightparadox.com","70","/phlog","1","Google Buddhism (06-06-15)","/phlog/06-06-15"
"tomatobodhi.twilightparadox.com","70","/phlog","1","Memorial of Ven. Fa Dao Shakya (05-28-15)","/phlog/05-28-15"
"tomatobodhi.twilightparadox.com","70","/phlog","1","Sutras (01-02-15)","/phlog/01-02-15"
"tomatobodhi.twilightparadox.com","70","/phlog","1","Always Striving (12-26-14)","/phlog/12-26-14"
"tomatobodhi.twilightparadox.com","70","/phlog","1","Metaphors We Live By (11-13-14)","/phlog/11-13-14"
"tomatobodhi.twilightparadox.com","70","/phlog","1","The Tyranny of Words (10-30-14)","/phlog/10-30-14"
"tomatobodhi.twilightparadox.com","70","/phlog","1","Watering Seeds of Mercy and Compassion (09-11-14)","/phlog/09-11-14"
"tomatobodhi.twilightparadox.com","70","/phlog","1","Sum of Experiences? (09-08-14)","/phlog/09-08-14"
"tomatobodhi.twilightparadox.com","70","/phlog","1","Buddhist Psychology (08-28-14)","/phlog/08-28-14"
"tomatobodhi.twilightparadox.com","70","/phlog","1","Eyes on Your Own Plate (08-06-14)","/phlog/08-06-14"
"tomatobodhi.twilightparadox.com","70","/phlog","1","The Power of Presence (08-03-14)","/phlog/08-03-14"
"tomatobodhi.twilightparadox.com","70","/phlog","1","Dharma Audio (07-14-14)","/phlog/07-14-14"
"tomatobodhi.twilightparadox.com","70","/phlog","1","Super Moon (07-12-14)","/phlog/07-12-14"
"tomatobodhi.twilightparadox.com","70","/phlog","1","Struck by Lightning (07-11-14)","/phlog/07-11-14"
"tomatobodhi.twilightparadox.com","70","/phlog","1","Every Five Days (06-20-14)","/phlog/06-20-14"
"tomatobodhi.twilightparadox.com","70","/phlog","1","The Three Poisons - HATE (06-17-14)","/phlog/06-17-14"
"tomatobodhi.twilightparadox.com","70","/phlog","1","Three Poisons - GREED (06-04-14)","/phlog/06-04-14"
"tomatobodhi.twilightparadox.com","70","/phlog","1","Creative Idleness (05-21-14)","/phlog/05-21-14"
"tomatobodhi.twilightparadox.com","70","/phlog","1","The Big Empty (05-14-14)","/phlog/05-14-14"
"tomatobodhi.twilightparadox.com","70","/phlog","1","Love Handles (05-10-14)","/phlog/05-10-14"
"tomatobodhi.twilightparadox.com","70","/phlog","1","When Does the Bell Ring? (05-05-14)","/phlog/05-05-14"
"tomatobodhi.twilightparadox.com","70","/phlog","1","Won't Make You Happy (04-27-14)","/phlog/04-27-14"
"tomatobodhi.twilightparadox.com","70","/phlog","1","Love and Compassion (04-26-14)","/phlog/04-26-14"
"tomatobodhi.twilightparadox.com","70","/phlog","1","Form and Emptiness (04-21-14)","/phlog/04-21-14"
"tomatobodhi.twilightparadox.com","70","/phlog","1","Wearing the Buddha Nature (04-18-14)","/phlog/04-18-14"
"tomatobodhi.twilightparadox.com","70","/phlog","1","A Calendar Democracy (04-12-14)","/phlog/04-12-14"
"tomatobodhi.twilightparadox.com","70","/phlog","1","Birthday Cake and Karma (04-08-14)","/phlog/04-08-14"
"tomatobodhi.twilightparadox.com","70","/phlog","1","Rage Against the Er... (03-27-14)","/phlog/03-27-14"
"tomatobodhi.twilightparadox.com","70","/phlog","1","Confessions of a White Buddhist (03-16-14)","/phlog/03-16-14"
"tomatobodhi.twilightparadox.com","70","/phlog","1","Health and Fantasy (03-04-14)","/phlog/03-04-14"
"tomatobodhi.twilightparadox.com","70","/phlog","1","Not Turning Away (02-28-14)","/phlog/02-28-14"
"tomatobodhi.twilightparadox.com","70","/phlog","1","Right Mindfulness and Right Concentration (02-24-14)","/phlog/02-24-14"
"tomatobodhi.twilightparadox.com","70","/phlog","1","Right Effort (02-22-14)","/phlog/02-22-14"
"tomatobodhi.twilightparadox.com","70","/phlog","1","Right Livelihood (02-18-14)","/phlog/02-18-14"
"tomatobodhi.twilightparadox.com","70","/phlog","1","Right Action (02-17-14)","/phlog/02-17-14"
"tomatobodhi.twilightparadox.com","70","/phlog","1","Right Speech (02-12-14)","/phlog/02-12-14"
"tomatobodhi.twilightparadox.com","70","/phlog","1","Right Intention (02-11-14)","/phlog/02-11-14"
"tomatobodhi.twilightparadox.com","70","/phlog","1","Right Understanding (02-10-14)","/phlog/02-10-14"
"tomatobodhi.twilightparadox.com","70","/phlog","1","Spiritual Kitsch (02-08-14)","/phlog/02-08-14"
"tomatobodhi.twilightparadox.com","70","/phlog","1","Introductions (02-07-14)","/phlog/02-07-14"
"tomatobodhi.twilightparadox.com","70","/voice","i","===================================================================="
"tomatobodhi.twilightparadox.com","70","/voice","i","=                                                                  ="
"tomatobodhi.twilightparadox.com","70","/voice","i","=                           AUDIO FILES                            ="
"tomatobodhi.twilightparadox.com","70","/voice","i","=                                                                  ="
"tomatobodhi.twilightparadox.com","70","/voice","i","=   SPEEX Files may appear as plain text. Download and play with   ="
"tomatobodhi.twilightparadox.com","70","/voice","i","=   a .spx enabled player (like VLC) to listen. Newer files are    ="
"tomatobodhi.twilightparadox.com","70","/voice","i","=   in MP3 format for portability.                                 ="
"tomatobodhi.twilightparadox.com","70","/voice","i","=                                                                  ="
"tomatobodhi.twilightparadox.com","70","/voice","i","===================================================================="
"tomatobodhi.twilightparadox.com","70","/voice","i",""
"tomatobodhi.twilightparadox.com","70","/voice","i",""
"tomatobodhi.twilightparadox.com","70","/voice","0","Heart Sutra Devotion - Chapter 1","/voice/heartsutra1.mp3"
"tomatobodhi.twilightparadox.com","70","/voice","i",""
"tomatobodhi.twilightparadox.com","70","/voice","i","Devotional talk and discussion of the first chapter of the Heart Sutra"
"tomatobodhi.twilightparadox.com","70","/voice","i","at Blue Lotus Sangha."
"tomatobodhi.twilightparadox.com","70","/voice","i",""
"tomatobodhi.twilightparadox.com","70","/voice","i",""
"tomatobodhi.twilightparadox.com","70","/voice","0","The Four Noble Truths","/voice/4_Noble_Truths.mp3"
"tomatobodhi.twilightparadox.com","70","/voice","i",""
"tomatobodhi.twilightparadox.com","70","/voice","i","The Buddha's first sermon, the Deer Park Sermon, is one of the"
"tomatobodhi.twilightparadox.com","70","/voice","i","most commonly misunderstood introductions to the Buddha's"
"tomatobodhi.twilightparadox.com","70","/voice","i","realization."
"tomatobodhi.twilightparadox.com","70","/voice","i",""
"tomatobodhi.twilightparadox.com","70","/voice","i",""
"tomatobodhi.twilightparadox.com","70","/voice","0","Stabilitas","/voice/stabilitas.MP3"
"tomatobodhi.twilightparadox.com","70","/voice","i",""
"tomatobodhi.twilightparadox.com","70","/voice","i","YFS considers the value of the discipline of stability and of"
"tomatobodhi.twilightparadox.com","70","/voice","i","consistency in practice."
"tomatobodhi.twilightparadox.com","70","/voice","i",""
"tomatobodhi.twilightparadox.com","70","/voice","i",""
"tomatobodhi.twilightparadox.com","70","/voice","0","Omnipresence and Immediacy","/voice/omnipresence_immediacy.MP3"
"tomatobodhi.twilightparadox.com","70","/voice","i",""
"tomatobodhi.twilightparadox.com","70","/voice","i","A Buddhist-Christian dialogue finding common ground around the"
"tomatobodhi.twilightparadox.com","70","/voice","i","historic, orthodox Christian teaching of God's omnipresence and the"
"tomatobodhi.twilightparadox.com","70","/voice","i","Chan Buddhist emphasis on the immediacy of the Truth."
"tomatobodhi.twilightparadox.com","70","/voice","i",""
"tomatobodhi.twilightparadox.com","70","/voice","i",""
"tomatobodhi.twilightparadox.com","70","/voice","0","An Historical Look at the Pop-Culture Zen Buddhist","/voice/beat_hippie.MP3"
"tomatobodhi.twilightparadox.com","70","/voice","i",""
"tomatobodhi.twilightparadox.com","70","/voice","i","YFS discusses the impact of the Beat and Hippie Generations on the"
"tomatobodhi.twilightparadox.com","70","/voice","i","modern popular culture image of what a Zen Buddhist looks like. Also,"
"tomatobodhi.twilightparadox.com","70","/voice","i","how this historical development has created variety in the"
"tomatobodhi.twilightparadox.com","70","/voice","i","Buddhist landscape of the USA across a spectrum from radical"
"tomatobodhi.twilightparadox.com","70","/voice","i","iconoclasts to those striving to imitate the practices of their"
"tomatobodhi.twilightparadox.com","70","/voice","i","parent cultures."
"tomatobodhi.twilightparadox.com","70","/voice","i",""
"tomatobodhi.twilightparadox.com","70","/voice","i",""
"tomatobodhi.twilightparadox.com","70","/voice","0","The Three Bodies of the Buddha","/voice/trikaya.mp3"
"tomatobodhi.twilightparadox.com","70","/voice","i",""
"tomatobodhi.twilightparadox.com","70","/voice","i","A discussion of the practical importance of the Trikaya, or the three"
"tomatobodhi.twilightparadox.com","70","/voice","i","bodies of the Buddha: Reality Body, Bliss Body, and Phenomenal Body."
"tomatobodhi.twilightparadox.com","70","/voice","i",""
"tomatobodhi.twilightparadox.com","70","/voice","i",""
"tomatobodhi.twilightparadox.com","70","/voice","0","The Second Precept - Not to Speak Falsehood","/voice/2nd_Precept.mp3"
"tomatobodhi.twilightparadox.com","70","/voice","i",""
"tomatobodhi.twilightparadox.com","70","/voice","i","Even true words are not the Truth itself. When we fall in love with"
"tomatobodhi.twilightparadox.com","70","/voice","i","words, we may unintentionally speak falsehood to ourselves and"
"tomatobodhi.twilightparadox.com","70","/voice","i","others."
"tomatobodhi.twilightparadox.com","70","/voice","i",""
"tomatobodhi.twilightparadox.com","70","/voice","i",""
"tomatobodhi.twilightparadox.com","70","/voice","0","A Warning to Beginners","/voice/gets_worse_before_better.mp3"
"tomatobodhi.twilightparadox.com","70","/voice","i",""
"tomatobodhi.twilightparadox.com","70","/voice","i","It usually gets worse before it gets better."
"tomatobodhi.twilightparadox.com","70","/voice","i",""
"tomatobodhi.twilightparadox.com","70","/voice","i",""
"tomatobodhi.twilightparadox.com","70","/voice","0","Comparing My Linji and Brad Warner's Soto Traditions","/voice/linji_soto_great_doubt.mp3"
"tomatobodhi.twilightparadox.com","70","/voice","i",""
"tomatobodhi.twilightparadox.com","70","/voice","i","Brad Warner gave instruction in Tricycle Magazine's virtual retreat."
"tomatobodhi.twilightparadox.com","70","/voice","i","I like Brad Warner as a teacher, but the video highlighted for me"
"tomatobodhi.twilightparadox.com","70","/voice","i","some of the major differences between our approaches. I share my"
"tomatobodhi.twilightparadox.com","70","/voice","i","reflections here."
"tomatobodhi.twilightparadox.com","70","/voice","i",""
"tomatobodhi.twilightparadox.com","70","/voice","i",""
"tomatobodhi.twilightparadox.com","70","/voice","0","Vegetarianism","/voice/vegetarianism.mp3"
"tomatobodhi.twilightparadox.com","70","/voice","i",""
"tomatobodhi.twilightparadox.com","70","/voice","i","Exactly what it sounds like: a talk about vegetarianism."
"tomatobodhi.twilightparadox.com","70","/voice","i",""
"tomatobodhi.twilightparadox.com","70","/voice","i",""
"tomatobodhi.twilightparadox.com","70","/voice","0","What Can Stop Compassion?","/voice/what_can_stop_compassion.mp3"
"tomatobodhi.twilightparadox.com","70","/voice","i",""
"tomatobodhi.twilightparadox.com","70","/voice","i","A Dharma Talk on the Lovingkindness Sutra given at Blue Lotus"
"tomatobodhi.twilightparadox.com","70","/voice","i","Sangha. (Begins with a reading of the sutra in its entirety.)"
"tomatobodhi.twilightparadox.com","70","/voice","i",""
"tomatobodhi.twilightparadox.com","70","/voice","i",""
"tomatobodhi.twilightparadox.com","70","/voice","0","The First Precept","/voice/1st_Precept.spx"
"tomatobodhi.twilightparadox.com","70","/voice","i",""
"tomatobodhi.twilightparadox.com","70","/voice","i","What does it mean to vow not to kill?"
"tomatobodhi.twilightparadox.com","70","/voice","i",""
"tomatobodhi.twilightparadox.com","70","/voice","i",""
"tomatobodhi.twilightparadox.com","70","/voice","0","The Purpose Trap","/voice/purpose_trap.spx"
"tomatobodhi.twilightparadox.com","70","/voice","i",""
"tomatobodhi.twilightparadox.com","70","/voice","i","Does finding purpose and meaning for something outside of itself"
"tomatobodhi.twilightparadox.com","70","/voice","i","cause a loss of contact with the-thing-itself?"
"tomatobodhi.twilightparadox.com","70","/voice","i",""
"tomatobodhi.twilightparadox.com","70","/voice","i",""
"tomatobodhi.twilightparadox.com","70","/voice","0","Amorality and Immorality","/voice/amorality.spx"
"tomatobodhi.twilightparadox.com","70","/voice","i",""
"tomatobodhi.twilightparadox.com","70","/voice","i","Some thoughts while walking through town concerning the use of"
"tomatobodhi.twilightparadox.com","70","/voice","i","philosophical and abstract amorality to justify immoral"
"tomatobodhi.twilightparadox.com","70","/voice","i","behavior."
"tomatobodhi.twilightparadox.com","70","/voice","i",""
"tomatobodhi.twilightparadox.com","70","/voice","i",""
"tomatobodhi.twilightparadox.com","70","/voice","0","JW Convention Reflections","/voice/JW_convention_driving_home.spx"
"tomatobodhi.twilightparadox.com","70","/voice","i",""
"tomatobodhi.twilightparadox.com","70","/voice","i","After attending a convention of over 14 thousand Jehovah's"
"tomatobodhi.twilightparadox.com","70","/voice","i","Witnesses, I reflect on the experience while driving home."
"tomatobodhi.twilightparadox.com","70","/voice","i",""
"tomatobodhi.twilightparadox.com","70","/voice","i",""
"tomatobodhi.twilightparadox.com","70","/voice","0","Finger Quotes","/voice/finger_quotes.spx"
"tomatobodhi.twilightparadox.com","70","/voice","i",""
"tomatobodhi.twilightparadox.com","70","/voice","i","How does playing a role in one's own life cause loss of contact"
"tomatobodhi.twilightparadox.com","70","/voice","i","with the present moment?"
"tomatobodhi.twilightparadox.com","70","/voice","i",""
"tomatobodhi.twilightparadox.com","70","/voice","i",""
"tomatobodhi.twilightparadox.com","70","/voice","0","Other-worldly and This-worldly","/voice/otherworldly.spx"
"tomatobodhi.twilightparadox.com","70","/voice","i",""
"tomatobodhi.twilightparadox.com","70","/voice","i","Thoughts on how focusing on the future and abstractions can"
"tomatobodhi.twilightparadox.com","70","/voice","i","cause one to miss out on the present."
"tomatobodhi.twilightparadox.com","70","/voice","i",""
"tomatobodhi.twilightparadox.com","70","/texts","i","CHAN BUDDHIST TEXTS AND ARTICLES"
"tomatobodhi.twilightparadox.com","70","/texts","i","================================"
"tomatobodhi.twilightparadox.com","70","/texts","i",""
"tomatobodhi.twilightparadox.com","70","/texts","i","Here you may read or download texts and articles about"
"tomatobodhi.twilightparadox.com","70","/texts","i","Chan, including essays by members of the Order of Hsu"
"tomatobodhi.twilightparadox.com","70","/texts","i","Yun. Yin Feng Shakya does not necessarily share all of"
"tomatobodhi.twilightparadox.com","70","/texts","i","the views presented in the texts and articles below,"
"tomatobodhi.twilightparadox.com","70","/texts","i","but makes them available for individuals to judge for"
"tomatobodhi.twilightparadox.com","70","/texts","i","themselves."
"tomatobodhi.twilightparadox.com","70","/texts","i",""
"tomatobodhi.twilightparadox.com","70","/texts","i","May all beings take refuge in the Buddha and be filled"
"tomatobodhi.twilightparadox.com","70","/texts","i","with the great resolve!!"
"tomatobodhi.twilightparadox.com","70","/texts","i",""
"tomatobodhi.twilightparadox.com","70","/texts","i","================================"
"tomatobodhi.twilightparadox.com","70","/texts","i",""
"tomatobodhi.twilightparadox.com","70","/texts","0","Empty Cloud - The Teachings of Xu Yun","/texts/empty_cloud.txt"
"tomatobodhi.twilightparadox.com","70","/texts","i","An introduction to Master Hsu Yun's teachings. Master"
"tomatobodhi.twilightparadox.com","70","/texts","i","Hsu Yun was the most famous and beloved Chan Buddhist"
"tomatobodhi.twilightparadox.com","70","/texts","i","master in late 19th and early 20th century China. He"
"tomatobodhi.twilightparadox.com","70","/texts","i","is best known as a reformer and revitalizer of Buddhism"
"tomatobodhi.twilightparadox.com","70","/texts","i","in China."
"tomatobodhi.twilightparadox.com","70","/texts","i",""
"tomatobodhi.twilightparadox.com","70","/texts","0","The Maxims of Han Shan","/texts/hanshan-maxims.txt"
"tomatobodhi.twilightparadox.com","70","/texts","i","Brief sayings of the second Han Shan, Silly Mountain (1546-1623)."
"tomatobodhi.twilightparadox.com","70","/texts","i","He is considered one of the two greatest poets of China, the first"
"tomatobodhi.twilightparadox.com","70","/texts","i","being similarly named Han Shan, but written as Cold Mountain. This is"
"tomatobodhi.twilightparadox.com","70","/texts","i","a collection of his sayings known simply as 'The Maxims.'"
"tomatobodhi.twilightparadox.com","70","/texts","i",""
"tomatobodhi.twilightparadox.com","70","/texts","0","Han Shan's Pure Land of the Patriarchs","/texts/hanshan_pureland.txt"
"tomatobodhi.twilightparadox.com","70","/texts","i","The second Han Shan (1546–1623) is considered one of the great"
"tomatobodhi.twilightparadox.com","70","/texts","i","reformers of Chinese Chan Buddhism. In opposition to iconoclastic"
"tomatobodhi.twilightparadox.com","70","/texts","i","tendencies much like those seen in the West today, he practiced and"
"tomatobodhi.twilightparadox.com","70","/texts","i","advocated the synthesis of Chan and Pure Land. This is a collection"
"tomatobodhi.twilightparadox.com","70","/texts","i","of some of his talks about this synthesis which continues to be a"
"tomatobodhi.twilightparadox.com","70","/texts","i","distinctive feature of Chan Buddhism."
"tomatobodhi.twilightparadox.com","70","/texts","i",""
"tomatobodhi.twilightparadox.com","70","/texts","0","The Gateless Gate","/texts/mumonkan.txt"
"tomatobodhi.twilightparadox.com","70","/texts","i","A classic collection of koans with both the Chinese text and English"
"tomatobodhi.twilightparadox.com","70","/texts","i","translation."
"tomatobodhi.twilightparadox.com","70","/texts","i",""
"tomatobodhi.twilightparadox.com","70","/texts","0","The Book of Protection","/texts/protection.txt"
"tomatobodhi.twilightparadox.com","70","/texts","i","A popular collection of verses and short excerpts"
"tomatobodhi.twilightparadox.com","70","/texts","i","from various sutras, used as blessings and 'prayers.'"
"tomatobodhi.twilightparadox.com","70","/texts","i",""
"tomatobodhi.twilightparadox.com","70","/texts","0","What Buddhists Believe by Ven. K. Sri Dhammananda","/texts/buddhists_believe.txt"
"tomatobodhi.twilightparadox.com","70","/texts","i","An introduction to basic Buddhist doctrine, presented by a prominent"
"tomatobodhi.twilightparadox.com","70","/texts","i","Malaysian monk in the Theravada tradition. The author has a very"
"tomatobodhi.twilightparadox.com","70","/texts","i","straightforward way of presenting the teachings while also answering"
"tomatobodhi.twilightparadox.com","70","/texts","i","the question, What difference does it make? An excellent"
"tomatobodhi.twilightparadox.com","70","/texts","i","introduction for those concerned with practical application and not"
"tomatobodhi.twilightparadox.com","70","/texts","i","just abstract philosophical notions."
"tomatobodhi.twilightparadox.com","70","/texts","i",""
"tomatobodhi.twilightparadox.com","70","/texts","0","An Introduction to Hua Tou Practice by Stuart Lachs","/texts/huatou_lachs.txt"
"tomatobodhi.twilightparadox.com","70","/texts","i","The practice of Hua Tou is known primarily among Chinese and Korean"
"tomatobodhi.twilightparadox.com","70","/texts","i","Zen Buddhists. My dharma brother, Stuart Lachs, introduces and"
"tomatobodhi.twilightparadox.com","70","/texts","i","explains Hua Tou in a very practical, approachable manner."
"tomatobodhi.twilightparadox.com","70","/texts","i",""
"tomatobodhi.twilightparadox.com","70","/texts","i",""
"tomatobodhi.twilightparadox.com","70","/texts","1","Essays by OHY Clergy","/texts/essays"
"tomatobodhi.twilightparadox.com","70","/texts","i",""
"tomatobodhi.twilightparadox.com","70","/texts","i",""
"tomatobodhi.twilightparadox.com","70","/texts","1","Other Articles and Essays","/texts/other_articles"
"tomatobodhi.twilightparadox.com","70","/sutras","i","CHAN BUDDHIST SUTRAS (SCRIPTURES)"
"tomatobodhi.twilightparadox.com","70","/sutras","i","================================="
"tomatobodhi.twilightparadox.com","70","/sutras","i",""
"tomatobodhi.twilightparadox.com","70","/sutras","i","All verbal and literary expressions are like labels, like"
"tomatobodhi.twilightparadox.com","70","/sutras","i","pointing fingers. Labels and pointers mean shadows and"
"tomatobodhi.twilightparadox.com","70","/sutras","i","echoes. You obtain a commodity by its label, and you see"
"tomatobodhi.twilightparadox.com","70","/sutras","i","the moon by way of the pointing finger - the moon is not"
"tomatobodhi.twilightparadox.com","70","/sutras","i","the finger, the label is not the thing itself. Just get the"
"tomatobodhi.twilightparadox.com","70","/sutras","i","teaching by way of the sutra - the sutra is not the teaching."
"tomatobodhi.twilightparadox.com","70","/sutras","i","The sutra literature is visible to the physical eye, but the"
"tomatobodhi.twilightparadox.com","70","/sutras","i","teaching is visible to the eye of insight. Without the eye"
"tomatobodhi.twilightparadox.com","70","/sutras","i","of insight, you just see the literature, not the teaching."
"tomatobodhi.twilightparadox.com","70","/sutras","i","If you do not see the teaching, you do not understand what"
"tomatobodhi.twilightparadox.com","70","/sutras","i","Buddha meant. If you do not understand what Buddha meant,"
"tomatobodhi.twilightparadox.com","70","/sutras","i","then reciting sutras won't produce buddhahood."
"tomatobodhi.twilightparadox.com","70","/sutras","i","- Hui Neng, Sixth Patriarch of Chan Buddhism"
"tomatobodhi.twilightparadox.com","70","/sutras","i","(Commentary on the Diamond Sutra)"
"tomatobodhi.twilightparadox.com","70","/sutras","i",""
"tomatobodhi.twilightparadox.com","70","/sutras","i","===================================="
"tomatobodhi.twilightparadox.com","70","/sutras","i",""
"tomatobodhi.twilightparadox.com","70","/sutras","0","The Dhammapada","/sutras/dhammapada.txt"
"tomatobodhi.twilightparadox.com","70","/sutras","i",""
"tomatobodhi.twilightparadox.com","70","/sutras","0","The Kalama Sutra","/sutras/kalama.txt"
"tomatobodhi.twilightparadox.com","70","/sutras","i",""
"tomatobodhi.twilightparadox.com","70","/sutras","0","The Heart Sutra","/sutras/heart_sutra.txt"
"tomatobodhi.twilightparadox.com","70","/sutras","i",""
"tomatobodhi.twilightparadox.com","70","/sutras","0","The Diamond Perfection of Wisdom Sutra","/sutras/diamond_sutra.txt"
"tomatobodhi.twilightparadox.com","70","/sutras","i",""
"tomatobodhi.twilightparadox.com","70","/sutras","0","The Diamond Perfection of Wisdom Sutra (mp3)","/sutras/Diamond_Sutra_Janis.mp3"
"tomatobodhi.twilightparadox.com","70","/sutras","i",""
"tomatobodhi.twilightparadox.com","70","/sutras","0","The Gatha of Seng Tsan (Hsin Hsin Ming)","/sutras/sengtsan.txt"
"tomatobodhi.twilightparadox.com","70","/sutras","i",""
"tomatobodhi.twilightparadox.com","70","/sutras","0","The Lankavatara Sutra","/sutras/lankavatara.txt"
"tomatobodhi.twilightparadox.com","70","/sutras","i",""
"tomatobodhi.twilightparadox.com","70","/sutras","0","The Brahma Net Sutra","/sutras/brahma.txt"
"tomatobodhi.twilightparadox.com","70","/liturgical_texts","i","LITURGICAL TEXTS"
"tomatobodhi.twilightparadox.com","70","/liturgical_texts","i",""
"tomatobodhi.twilightparadox.com","70","/liturgical_texts","i","===================================================================="
"tomatobodhi.twilightparadox.com","70","/liturgical_texts","i","Below you can find a growing collection of devotional and liturgical"
"tomatobodhi.twilightparadox.com","70","/liturgical_texts","i","texts for use as an individual or with a sangha. Texts are in English"
"tomatobodhi.twilightparadox.com","70","/liturgical_texts","i","and represent historic Chan Buddhist practice acculturating to the"
"tomatobodhi.twilightparadox.com","70","/liturgical_texts","i","English-speaking West."
"tomatobodhi.twilightparadox.com","70","/liturgical_texts","i","===================================================================="
"tomatobodhi.twilightparadox.com","70","/liturgical_texts","i",""
"tomatobodhi.twilightparadox.com","70","/liturgical_texts","i",""
"tomatobodhi.twilightparadox.com","70","/liturgical_texts","0","Morning and Evening Devotion","/liturgical_texts/blz_devotions.txt"
"tomatobodhi.twilightparadox.com","70","/liturgical_texts","i",""
"tomatobodhi.twilightparadox.com","70","/liturgical_texts","i",""
"tomatobodhi.twilightparadox.com","70","/liturgical_texts","0","Evening Liturgy for Odd-Numbered Days","/liturgical_texts/evening_liturgy_odd_days.txt"
"tomatobodhi.twilightparadox.com","70","/liturgical_texts","i",""
"tomatobodhi.twilightparadox.com","70","/liturgical_texts","i",""
"tomatobodhi.twilightparadox.com","70","/liturgical_texts","0","Evening Offering after Meng Shan","/liturgical_texts/meng_shan.txt"
"tomatobodhi.twilightparadox.com","70","/liturgical_texts","i",""
"tomatobodhi.twilightparadox.com","70","/liturgical_texts","i",""
"tomatobodhi.twilightparadox.com","70","/holidays","i","Chan Buddhist Holy Days"
"tomatobodhi.twilightparadox.com","70","/holidays","i",""
"tomatobodhi.twilightparadox.com","70","/holidays","i","Below you will find a list of some of the holy days observed by many"
"tomatobodhi.twilightparadox.com","70","/holidays","i","Chan Buddhists. Information and devotional verses are included for"
"tomatobodhi.twilightparadox.com","70","/holidays","i","those who wish to include gatha or mantra chanting in their daily"
"tomatobodhi.twilightparadox.com","70","/holidays","i","practice on that particular day."
"tomatobodhi.twilightparadox.com","70","/holidays","i",""
"tomatobodhi.twilightparadox.com","70","/holidays","i",""
"tomatobodhi.twilightparadox.com","70","/holidays","i","January 1  Maitreya Buddha"
"tomatobodhi.twilightparadox.com","70","/holidays","i",""
"tomatobodhi.twilightparadox.com","70","/holidays","i","January 9  Dari Rulai (Vairocana/Rocana Buddha)"
"tomatobodhi.twilightparadox.com","70","/holidays","i",""
"tomatobodhi.twilightparadox.com","70","/holidays","i","February 8  Sakyamuni's Renunciation Day"
"tomatobodhi.twilightparadox.com","70","/holidays","i",""
"tomatobodhi.twilightparadox.com","70","/holidays","i","February 15  Sakyamuni Buddha's Mahaparinirvana Day"
"tomatobodhi.twilightparadox.com","70","/holidays","i",""
"tomatobodhi.twilightparadox.com","70","/holidays","i","February 19  Kuan Shih Yin P'usa (Avalokitesvara Bodhisattva)"
"tomatobodhi.twilightparadox.com","70","/holidays","i",""
"tomatobodhi.twilightparadox.com","70","/holidays","i","February 21  Pu Hsien Pusa (Samanthabadhra Bodhisattva)"
"tomatobodhi.twilightparadox.com","70","/holidays","i",""
"tomatobodhi.twilightparadox.com","70","/holidays","i","March 16  Zhundi P'usa"
"tomatobodhi.twilightparadox.com","70","/holidays","i",""
"tomatobodhi.twilightparadox.com","70","/holidays","i","Zhundi Pusa (Bodhisattva Great Purity) is the personification of the"
"tomatobodhi.twilightparadox.com","70","/holidays","i","Enlightened Mind of Compassionate Wisdom. She is an aspect of"
"tomatobodhi.twilightparadox.com","70","/holidays","i","Avalokitesvara. Her devotees revere her as The Mother of Seven"
"tomatobodhi.twilightparadox.com","70","/holidays","i","Million Buddhas. This is perhaps a poetic way of saying that the"
"tomatobodhi.twilightparadox.com","70","/holidays","i","Reality which Cundi represents is the Source of All Enlightenment."
"tomatobodhi.twilightparadox.com","70","/holidays","i",""
"tomatobodhi.twilightparadox.com","70","/holidays","i","Dharani: Namo saptanam samyaksambuddha kotinam tadyata | om zha-le"
"tomatobodhi.twilightparadox.com","70","/holidays","i","zhu-le zhundi svaha"
"tomatobodhi.twilightparadox.com","70","/holidays","i",""
"tomatobodhi.twilightparadox.com","70","/holidays","i","March 23  Marichi Bodhisattva (Sun Festival)"
"tomatobodhi.twilightparadox.com","70","/holidays","i",""
"tomatobodhi.twilightparadox.com","70","/holidays","i","Marichi Bodhisattva is the bodhisattva of the sun or of light. She is"
"tomatobodhi.twilightparadox.com","70","/holidays","i","venerated by both Chinese Buddhists and Taoists."
"tomatobodhi.twilightparadox.com","70","/holidays","i",""
"tomatobodhi.twilightparadox.com","70","/holidays","i","April 4  Wen-shu Pusa (Monjusri Bodhisattva)"
"tomatobodhi.twilightparadox.com","70","/holidays","i",""
"tomatobodhi.twilightparadox.com","70","/holidays","i","April 8  Buddha Sakyamuni (Vesak)"
"tomatobodhi.twilightparadox.com","70","/holidays","i",""
"tomatobodhi.twilightparadox.com","70","/holidays","i","April 28  Yao-Wang Pusa (Bhaisajyaraja Bodhisattva)"
"tomatobodhi.twilightparadox.com","70","/holidays","i",""
"tomatobodhi.twilightparadox.com","70","/holidays","i","June 3  Wei-tuo Pusa"
"tomatobodhi.twilightparadox.com","70","/holidays","i",""
"tomatobodhi.twilightparadox.com","70","/holidays","i","Wei-tou is usually depicted as a general. He is one of the great"
"tomatobodhi.twilightparadox.com","70","/holidays","i","protectors of the Dharma and of Chinese Buddhism. He is the guardian"
"tomatobodhi.twilightparadox.com","70","/holidays","i","of monasteries and holy objects devoted to the buddhadharma."
"tomatobodhi.twilightparadox.com","70","/holidays","i",""
"tomatobodhi.twilightparadox.com","70","/holidays","i","Gatha of Wei-tuo Pusa:"
"tomatobodhi.twilightparadox.com","70","/holidays","i",""
"tomatobodhi.twilightparadox.com","70","/holidays","i","The Heavenly General Wei Tuo"
"tomatobodhi.twilightparadox.com","70","/holidays","i","The Bodhisattva's transformation body"
"tomatobodhi.twilightparadox.com","70","/holidays","i","He vows vast and deeply to protect the Dharma"
"tomatobodhi.twilightparadox.com","70","/holidays","i","With his precious thunderbolt to quells the demon armies"
"tomatobodhi.twilightparadox.com","70","/holidays","i","His merit and virtue are incomparable"
"tomatobodhi.twilightparadox.com","70","/holidays","i","We pray he will help to flocks our minds"
"tomatobodhi.twilightparadox.com","70","/holidays","i","Homage to The Universal Eye Bodhisattvas and Mahasattvas"
"tomatobodhi.twilightparadox.com","70","/holidays","i","Maha Prajna Paramita!"
"tomatobodhi.twilightparadox.com","70","/holidays","i",""
"tomatobodhi.twilightparadox.com","70","/holidays","i","June 19  Enlightenment Day of Kuan Shih Yin P'usa"
"tomatobodhi.twilightparadox.com","70","/holidays","i",""
"tomatobodhi.twilightparadox.com","70","/holidays","i","July 13  Ta-Shih Chi Pusa (Mahasthamaprapta Bodhisattva)"
"tomatobodhi.twilightparadox.com","70","/holidays","i",""
"tomatobodhi.twilightparadox.com","70","/holidays","i","July 15  Yu-lan-pen (Ullambana) Ceremony, for feeding hungry ghosts"
"tomatobodhi.twilightparadox.com","70","/holidays","i",""
"tomatobodhi.twilightparadox.com","70","/holidays","i","July 30  Birthday of Dizang Wang Pusa (End of Hungry Ghost Season)"
"tomatobodhi.twilightparadox.com","70","/holidays","i",""
"tomatobodhi.twilightparadox.com","70","/holidays","i","August 28  Buddha Jan-teng (Dipankara Buddha)"
"tomatobodhi.twilightparadox.com","70","/holidays","i",""
"tomatobodhi.twilightparadox.com","70","/holidays","i","September 19  Kuan Shih Yin P'usa's Renunciation Day"
"tomatobodhi.twilightparadox.com","70","/holidays","i",""
"tomatobodhi.twilightparadox.com","70","/holidays","i","Mantram: om mani padme hum"
"tomatobodhi.twilightparadox.com","70","/holidays","i",""
"tomatobodhi.twilightparadox.com","70","/holidays","i","September 30  Yao-shi Fo (Bhaisajyaguru Medicine Buddha)"
"tomatobodhi.twilightparadox.com","70","/holidays","i",""
"tomatobodhi.twilightparadox.com","70","/holidays","i","October 5  Anniversary of the death of Da Mo (Bodhidharma)"
"tomatobodhi.twilightparadox.com","70","/holidays","i",""
"tomatobodhi.twilightparadox.com","70","/holidays","i","November 17  Amituofo (Amitabha Buddha)"
"tomatobodhi.twilightparadox.com","70","/holidays","i",""
"tomatobodhi.twilightparadox.com","70","/holidays","i","December 8  Buddha Sakyamuni's Enlightenment Day"
"tomatobodhi.twilightparadox.com","70","/holidays","i",""
"tomatobodhi.twilightparadox.com","70","/holidays","i","December 30  Avatamsaka Bodhisattva/Sutra"
"tomatobodhi.twilightparadox.com","70","/holidays","i",""
"tomatobodhi.twilightparadox.com","70","/prayers","i","CHAN BUDDHIST PRAYERS"
"tomatobodhi.twilightparadox.com","70","/prayers","i","=============================="
"tomatobodhi.twilightparadox.com","70","/prayers","i",""
"tomatobodhi.twilightparadox.com","70","/prayers","0","The Five Remembrances Before Eating","/prayers/5mealtime"
"tomatobodhi.twilightparadox.com","70","/prayers","i",""
"tomatobodhi.twilightparadox.com","70","/prayers","0","The Five Daily Remembrances","/prayers/5rem"
"tomatobodhi.twilightparadox.com","70","/prayers","i",""
"tomatobodhi.twilightparadox.com","70","/sectexts","i","NON-BUDDHIST BOOKS AND TEXTS"
"tomatobodhi.twilightparadox.com","70","/sectexts","i",""
"tomatobodhi.twilightparadox.com","70","/sectexts","1","The Analects of Confucius","/sectexts/analects_confucius.txt"
"tomatobodhi.twilightparadox.com","70","/sectexts","i",""
"tomatobodhi.twilightparadox.com","70","/sectexts","i","Confucianism was the guiding philosophy of China, especially"
"tomatobodhi.twilightparadox.com","70","/sectexts","i","in the North, when Buddhism was introduced there."
"tomatobodhi.twilightparadox.com","70","/sectexts","i",""
"tomatobodhi.twilightparadox.com","70","/sectexts","i",""
"tomatobodhi.twilightparadox.com","70","/sectexts","1","The Enchiridion of Epictetus","/sectexts/enchiridion.txt"
"tomatobodhi.twilightparadox.com","70","/sectexts","i",""
"tomatobodhi.twilightparadox.com","70","/sectexts","i","Epictetus was a lame slave who earned his freedom through"
"tomatobodhi.twilightparadox.com","70","/sectexts","i","many years of service as a scholar-educator. He is a great"
"tomatobodhi.twilightparadox.com","70","/sectexts","i","figure among the Stoic philosophers, and his Handbook"
"tomatobodhi.twilightparadox.com","70","/sectexts","i","offers many short teachings to guide the reader in living"
"tomatobodhi.twilightparadox.com","70","/sectexts","i","a good human life."
"tomatobodhi.twilightparadox.com","70","/sectexts","i",""
"tomatobodhi.twilightparadox.com","70","/sectexts","i",""
"tomatobodhi.twilightparadox.com","70","/sectexts","1","The Discourses of Epictetus","/sectexts/epictetus-discourses.txt"
"tomatobodhi.twilightparadox.com","70","/sectexts","i",""
"tomatobodhi.twilightparadox.com","70","/sectexts","i","The Discourses present much the same teachings as the"
"tomatobodhi.twilightparadox.com","70","/sectexts","i","Handbook, but more exhaustively."
"tomatobodhi.twilightparadox.com","70","/sectexts","i",""
"tomatobodhi.twilightparadox.com","70","/sectexts","i",""
"tomatobodhi.twilightparadox.com","70","/sectexts","1","Ascent of Mount Carmel by St John of the Cross","/sectexts/ascent.txt"
"tomatobodhi.twilightparadox.com","70","/sectexts","i",""
"tomatobodhi.twilightparadox.com","70","/sectexts","1","Dark Night of the Soul by St John of the Cross","/sectexts/dark_night.txt"
"tomatobodhi.twilightparadox.com","70","/sectexts","i",""
"tomatobodhi.twilightparadox.com","70","/sectexts","i","Ascent of Mount Carmel (Spanish: Subida del Monte Carmelo) is a"
"tomatobodhi.twilightparadox.com","70","/sectexts","i","16th-century spiritual treatise by Spanish Catholic mystic and poet"
"tomatobodhi.twilightparadox.com","70","/sectexts","i","Saint John of the Cross. The book is a systematic treatment of the"
"tomatobodhi.twilightparadox.com","70","/sectexts","i","ascetical life in pursuit of mystical union with Christ, giving advice"
"tomatobodhi.twilightparadox.com","70","/sectexts","i","and reporting on his own experience. Alongside another connected work"
"tomatobodhi.twilightparadox.com","70","/sectexts","i","by John, entitled The Dark Night, it details the so-called Dark Night"
"tomatobodhi.twilightparadox.com","70","/sectexts","i","of the Soul, when the individual Soul undergoes earthly and spiritual"
"tomatobodhi.twilightparadox.com","70","/sectexts","i","privations in search of union with God."
