"tx.god.jp","70","","i","           tx.god.jp | txgodjpb3hm5itrc.onion | 0x1A4.1337.cx"
"tx.god.jp","70","","i",""
"tx.god.jp","70","","i",""
"tx.god.jp","70","","i","=== news ================================================================"
"tx.god.jp","70","","0","full log","/log.cgi"
"tx.god.jp","70","","i","* 2017-09-15 - make onion link more visible"
"tx.god.jp","70","","i","* 2017-09-15 - update how to consensus.txt"
"tx.god.jp","70","","i","* 2017-09-13 - remove short url service"
"tx.god.jp","70","","i","* 2017-09-12 - add hackercouch unit files"
"tx.god.jp","70","","i","* 2017-09-12 - fix phlog typo"
"tx.god.jp","70","","0","atom feed (gopher)","/atom.xml"
"tx.god.jp","70","","0","twtxt feed","/twtxtfeed.cgi"
"tx.god.jp","70","","h","atom feed (https)","URL:https://tx.god.jp/code/gopher/atom.xml"
"tx.god.jp","70","","i",""
"tx.god.jp","70","","i","=== services ============================================================"
"tx.god.jp","70","","1","archives","/archives"
"tx.god.jp","70","","1","youtube","/yt"
"tx.god.jp","70","","1","rdr","/rdr"
"tx.god.jp","70","","1","netflix releases","/netflix/"
"tx.god.jp","70","","1","twtxt (WIP)","/twtxt/"
"tx.god.jp","70","","1","styx","/styx/"
"tx.god.jp","70","","1","hackercouch","/couches/"
"tx.god.jp","70","","i",""
"tx.god.jp","70","","i","=== files ==============================================================="
"tx.god.jp","70","","1","phlog","/phlog/"
"tx.god.jp","70","","1","code","/code/"
"tx.god.jp","70","","1","txtdump","/txtdump/"
"tx.god.jp","70","","1","files","/raw"
"tx.god.jp","70","","1","warez","/warez"
"tx.god.jp","70","","i",""
"tx.god.jp","70","","i","=== meta ================================================================"
"tx.god.jp","70","","0","uptime","/uptime.cgi"
"tx.god.jp","70","","0","whoami","/whoami/whoami.txt"
"tx.god.jp","70","","0","pubkey","/whoami/pubkey.gpg"
"tx.god.jp","70","","i",""
"tx.god.jp","70","","i","=== see also ============================================================"
"tx.god.jp","70","",".","Full Stop Received"
"tx.god.jp","70","/archives","i","           tx.god.jp | txgodjpb3hm5itrc.onion | 0x1A4.1337.cx"
"tx.god.jp","70","/archives","i",""
"tx.god.jp","70","/archives","i",""
"tx.god.jp","70","/archives","i","=== news ================================================================"
"tx.god.jp","70","/archives","0","full log","/log.cgi"
"tx.god.jp","70","/archives","i","* 2017-09-15 - make onion link more visible"
"tx.god.jp","70","/archives","i","* 2017-09-15 - update how to consensus.txt"
"tx.god.jp","70","/archives","i","* 2017-09-13 - remove short url service"
"tx.god.jp","70","/archives","i","* 2017-09-12 - add hackercouch unit files"
"tx.god.jp","70","/archives","i","* 2017-09-12 - fix phlog typo"
"tx.god.jp","70","/archives","0","atom feed (gopher)","/atom.xml"
"tx.god.jp","70","/archives","0","twtxt feed","/twtxtfeed.cgi"
"tx.god.jp","70","/archives","h","atom feed (https)","URL:https://tx.god.jp/code/gopher/atom.xml"
"tx.god.jp","70","/archives","i",""
"tx.god.jp","70","/archives","i","=== services ============================================================"
"tx.god.jp","70","/archives","i",""
"tx.god.jp","70","/archives","i","=== files ==============================================================="
"tx.god.jp","70","/archives","i",""
"tx.god.jp","70","/archives","i","=== meta ================================================================"
"tx.god.jp","70","/archives","0","uptime","/uptime.cgi"
"tx.god.jp","70","/archives","0","whoami","/whoami/whoami.txt"
"tx.god.jp","70","/archives","0","pubkey","/whoami/pubkey.gpg"
"tx.god.jp","70","/archives","i",""
"tx.god.jp","70","/archives","i","=== see also ============================================================"
"tx.god.jp","70","/archives",".","Full Stop Received"
"tx.god.jp","70","/yt","i","           tx.god.jp | txgodjpb3hm5itrc.onion | 0x1A4.1337.cx"
"tx.god.jp","70","/yt","i",""
"tx.god.jp","70","/yt","i",""
"tx.god.jp","70","/yt","i","=== news ================================================================"
"tx.god.jp","70","/yt","0","full log","/log.cgi"
"tx.god.jp","70","/yt","i","* 2017-09-15 - make onion link more visible"
"tx.god.jp","70","/yt","i","* 2017-09-15 - update how to consensus.txt"
"tx.god.jp","70","/yt","i","* 2017-09-13 - remove short url service"
"tx.god.jp","70","/yt","i","* 2017-09-12 - add hackercouch unit files"
"tx.god.jp","70","/yt","i","* 2017-09-12 - fix phlog typo"
"tx.god.jp","70","/yt","0","atom feed (gopher)","/atom.xml"
"tx.god.jp","70","/yt","0","twtxt feed","/twtxtfeed.cgi"
"tx.god.jp","70","/yt","h","atom feed (https)","URL:https://tx.god.jp/code/gopher/atom.xml"
"tx.god.jp","70","/yt","i",""
"tx.god.jp","70","/yt","i","=== services ============================================================"
"tx.god.jp","70","/yt","i",""
"tx.god.jp","70","/yt","i","=== files ==============================================================="
"tx.god.jp","70","/yt","i",""
"tx.god.jp","70","/yt","i","=== meta ================================================================"
"tx.god.jp","70","/yt","0","uptime","/uptime.cgi"
"tx.god.jp","70","/yt","0","whoami","/whoami/whoami.txt"
"tx.god.jp","70","/yt","0","pubkey","/whoami/pubkey.gpg"
"tx.god.jp","70","/yt","i",""
"tx.god.jp","70","/yt","i","=== see also ============================================================"
"tx.god.jp","70","/yt",".","Full Stop Received"
"tx.god.jp","70","/rdr","i","           tx.god.jp | txgodjpb3hm5itrc.onion | 0x1A4.1337.cx"
"tx.god.jp","70","/rdr","i",""
"tx.god.jp","70","/rdr","i",""
"tx.god.jp","70","/rdr","i","=== news ================================================================"
"tx.god.jp","70","/rdr","0","full log","/log.cgi"
"tx.god.jp","70","/rdr","i","* 2017-09-15 - make onion link more visible"
"tx.god.jp","70","/rdr","i","* 2017-09-15 - update how to consensus.txt"
"tx.god.jp","70","/rdr","i","* 2017-09-13 - remove short url service"
"tx.god.jp","70","/rdr","i","* 2017-09-12 - add hackercouch unit files"
"tx.god.jp","70","/rdr","i","* 2017-09-12 - fix phlog typo"
"tx.god.jp","70","/rdr","0","atom feed (gopher)","/atom.xml"
"tx.god.jp","70","/rdr","0","twtxt feed","/twtxtfeed.cgi"
"tx.god.jp","70","/rdr","h","atom feed (https)","URL:https://tx.god.jp/code/gopher/atom.xml"
"tx.god.jp","70","/rdr","i",""
"tx.god.jp","70","/rdr","i","=== services ============================================================"
"tx.god.jp","70","/rdr","i",""
"tx.god.jp","70","/rdr","i","=== files ==============================================================="
"tx.god.jp","70","/rdr","i",""
"tx.god.jp","70","/rdr","i","=== meta ================================================================"
"tx.god.jp","70","/rdr","0","uptime","/uptime.cgi"
"tx.god.jp","70","/rdr","0","whoami","/whoami/whoami.txt"
"tx.god.jp","70","/rdr","0","pubkey","/whoami/pubkey.gpg"
"tx.god.jp","70","/rdr","i",""
"tx.god.jp","70","/rdr","i","=== see also ============================================================"
"tx.god.jp","70","/rdr",".","Full Stop Received"
"tx.god.jp","70","/netflix/","i","           tx.god.jp | txgodjpb3hm5itrc.onion | 0x1A4.1337.cx"
"tx.god.jp","70","/netflix/","i",""
"tx.god.jp","70","/netflix/","i",""
"tx.god.jp","70","/netflix/","i","=== news ================================================================"
"tx.god.jp","70","/netflix/","0","full log","/log.cgi"
"tx.god.jp","70","/netflix/","i","* 2017-09-15 - make onion link more visible"
"tx.god.jp","70","/netflix/","i","* 2017-09-15 - update how to consensus.txt"
"tx.god.jp","70","/netflix/","i","* 2017-09-13 - remove short url service"
"tx.god.jp","70","/netflix/","i","* 2017-09-12 - add hackercouch unit files"
"tx.god.jp","70","/netflix/","i","* 2017-09-12 - fix phlog typo"
"tx.god.jp","70","/netflix/","0","atom feed (gopher)","/atom.xml"
"tx.god.jp","70","/netflix/","0","twtxt feed","/twtxtfeed.cgi"
"tx.god.jp","70","/netflix/","h","atom feed (https)","URL:https://tx.god.jp/code/gopher/atom.xml"
"tx.god.jp","70","/netflix/","i",""
"tx.god.jp","70","/netflix/","i","=== services ============================================================"
"tx.god.jp","70","/netflix/","i",""
"tx.god.jp","70","/netflix/","i","=== files ==============================================================="
"tx.god.jp","70","/netflix/","i",""
"tx.god.jp","70","/netflix/","i","=== meta ================================================================"
"tx.god.jp","70","/netflix/","0","uptime","/uptime.cgi"
"tx.god.jp","70","/netflix/","0","whoami","/whoami/whoami.txt"
"tx.god.jp","70","/netflix/","0","pubkey","/whoami/pubkey.gpg"
"tx.god.jp","70","/netflix/","i",""
"tx.god.jp","70","/netflix/","i","=== see also ============================================================"
"tx.god.jp","70","/netflix/",".","Full Stop Received"
"tx.god.jp","70","/twtxt/","i","           tx.god.jp | txgodjpb3hm5itrc.onion | 0x1A4.1337.cx"
"tx.god.jp","70","/twtxt/","i",""
"tx.god.jp","70","/twtxt/","i",""
"tx.god.jp","70","/twtxt/","i","=== news ================================================================"
"tx.god.jp","70","/twtxt/","0","full log","/log.cgi"
"tx.god.jp","70","/twtxt/","i","* 2017-09-15 - make onion link more visible"
"tx.god.jp","70","/twtxt/","i","* 2017-09-15 - update how to consensus.txt"
"tx.god.jp","70","/twtxt/","i","* 2017-09-13 - remove short url service"
"tx.god.jp","70","/twtxt/","i","* 2017-09-12 - add hackercouch unit files"
"tx.god.jp","70","/twtxt/","i","* 2017-09-12 - fix phlog typo"
"tx.god.jp","70","/twtxt/","0","atom feed (gopher)","/atom.xml"
"tx.god.jp","70","/twtxt/","0","twtxt feed","/twtxtfeed.cgi"
"tx.god.jp","70","/twtxt/","h","atom feed (https)","URL:https://tx.god.jp/code/gopher/atom.xml"
"tx.god.jp","70","/twtxt/","i",""
"tx.god.jp","70","/twtxt/","i","=== services ============================================================"
"tx.god.jp","70","/twtxt/","i",""
"tx.god.jp","70","/twtxt/","i","=== files ==============================================================="
"tx.god.jp","70","/twtxt/","i",""
"tx.god.jp","70","/twtxt/","i","=== meta ================================================================"
"tx.god.jp","70","/twtxt/","0","uptime","/uptime.cgi"
"tx.god.jp","70","/twtxt/","0","whoami","/whoami/whoami.txt"
"tx.god.jp","70","/twtxt/","0","pubkey","/whoami/pubkey.gpg"
"tx.god.jp","70","/twtxt/","i",""
"tx.god.jp","70","/twtxt/","i","=== see also ============================================================"
"tx.god.jp","70","/twtxt/",".","Full Stop Received"
"tx.god.jp","70","/styx/","i","           tx.god.jp | txgodjpb3hm5itrc.onion | 0x1A4.1337.cx"
"tx.god.jp","70","/styx/","i",""
"tx.god.jp","70","/styx/","i",""
"tx.god.jp","70","/styx/","i","=== news ================================================================"
"tx.god.jp","70","/styx/","0","full log","/log.cgi"
"tx.god.jp","70","/styx/","i","* 2017-09-15 - make onion link more visible"
"tx.god.jp","70","/styx/","i","* 2017-09-15 - update how to consensus.txt"
"tx.god.jp","70","/styx/","i","* 2017-09-13 - remove short url service"
"tx.god.jp","70","/styx/","i","* 2017-09-12 - add hackercouch unit files"
"tx.god.jp","70","/styx/","i","* 2017-09-12 - fix phlog typo"
"tx.god.jp","70","/styx/","0","atom feed (gopher)","/atom.xml"
"tx.god.jp","70","/styx/","0","twtxt feed","/twtxtfeed.cgi"
"tx.god.jp","70","/styx/","h","atom feed (https)","URL:https://tx.god.jp/code/gopher/atom.xml"
"tx.god.jp","70","/styx/","i",""
"tx.god.jp","70","/styx/","i","=== services ============================================================"
"tx.god.jp","70","/styx/","i",""
"tx.god.jp","70","/styx/","i","=== files ==============================================================="
"tx.god.jp","70","/styx/","i",""
"tx.god.jp","70","/styx/","i","=== meta ================================================================"
"tx.god.jp","70","/styx/","0","uptime","/uptime.cgi"
"tx.god.jp","70","/styx/","0","whoami","/whoami/whoami.txt"
"tx.god.jp","70","/styx/","0","pubkey","/whoami/pubkey.gpg"
"tx.god.jp","70","/styx/","i",""
"tx.god.jp","70","/styx/","i","=== see also ============================================================"
"tx.god.jp","70","/styx/",".","Full Stop Received"
"tx.god.jp","70","/couches/","i","           tx.god.jp | txgodjpb3hm5itrc.onion | 0x1A4.1337.cx"
"tx.god.jp","70","/couches/","i",""
"tx.god.jp","70","/couches/","i",""
"tx.god.jp","70","/couches/","i","=== news ================================================================"
"tx.god.jp","70","/couches/","0","full log","/log.cgi"
"tx.god.jp","70","/couches/","i","* 2017-09-15 - make onion link more visible"
"tx.god.jp","70","/couches/","i","* 2017-09-15 - update how to consensus.txt"
"tx.god.jp","70","/couches/","i","* 2017-09-13 - remove short url service"
"tx.god.jp","70","/couches/","i","* 2017-09-12 - add hackercouch unit files"
"tx.god.jp","70","/couches/","i","* 2017-09-12 - fix phlog typo"
"tx.god.jp","70","/couches/","0","atom feed (gopher)","/atom.xml"
"tx.god.jp","70","/couches/","0","twtxt feed","/twtxtfeed.cgi"
"tx.god.jp","70","/couches/","h","atom feed (https)","URL:https://tx.god.jp/code/gopher/atom.xml"
"tx.god.jp","70","/couches/","i",""
"tx.god.jp","70","/couches/","i","=== services ============================================================"
"tx.god.jp","70","/couches/","i",""
"tx.god.jp","70","/couches/","i","=== files ==============================================================="
"tx.god.jp","70","/couches/","i",""
"tx.god.jp","70","/couches/","i","=== meta ================================================================"
"tx.god.jp","70","/couches/","0","uptime","/uptime.cgi"
"tx.god.jp","70","/couches/","0","whoami","/whoami/whoami.txt"
"tx.god.jp","70","/couches/","0","pubkey","/whoami/pubkey.gpg"
"tx.god.jp","70","/couches/","i",""
"tx.god.jp","70","/couches/","i","=== see also ============================================================"
"tx.god.jp","70","/couches/",".","Full Stop Received"
"tx.god.jp","70","/phlog/","i","           tx.god.jp | txgodjpb3hm5itrc.onion | 0x1A4.1337.cx"
"tx.god.jp","70","/phlog/","i",""
"tx.god.jp","70","/phlog/","i",""
"tx.god.jp","70","/phlog/","i","=== news ================================================================"
"tx.god.jp","70","/phlog/","0","full log","/log.cgi"
"tx.god.jp","70","/phlog/","i","* 2017-09-15 - make onion link more visible"
"tx.god.jp","70","/phlog/","i","* 2017-09-15 - update how to consensus.txt"
"tx.god.jp","70","/phlog/","i","* 2017-09-13 - remove short url service"
"tx.god.jp","70","/phlog/","i","* 2017-09-12 - add hackercouch unit files"
"tx.god.jp","70","/phlog/","i","* 2017-09-12 - fix phlog typo"
"tx.god.jp","70","/phlog/","0","atom feed (gopher)","/atom.xml"
"tx.god.jp","70","/phlog/","0","twtxt feed","/twtxtfeed.cgi"
"tx.god.jp","70","/phlog/","h","atom feed (https)","URL:https://tx.god.jp/code/gopher/atom.xml"
"tx.god.jp","70","/phlog/","i",""
"tx.god.jp","70","/phlog/","i","=== services ============================================================"
"tx.god.jp","70","/phlog/","i",""
"tx.god.jp","70","/phlog/","i","=== files ==============================================================="
"tx.god.jp","70","/phlog/","i",""
"tx.god.jp","70","/phlog/","i","=== meta ================================================================"
"tx.god.jp","70","/phlog/","0","uptime","/uptime.cgi"
"tx.god.jp","70","/phlog/","0","whoami","/whoami/whoami.txt"
"tx.god.jp","70","/phlog/","0","pubkey","/whoami/pubkey.gpg"
"tx.god.jp","70","/phlog/","i",""
"tx.god.jp","70","/phlog/","i","=== see also ============================================================"
"tx.god.jp","70","/phlog/",".","Full Stop Received"
"tx.god.jp","70","/code/","i","           tx.god.jp | txgodjpb3hm5itrc.onion | 0x1A4.1337.cx"
"tx.god.jp","70","/code/","i",""
"tx.god.jp","70","/code/","i",""
"tx.god.jp","70","/code/","i","=== news ================================================================"
"tx.god.jp","70","/code/","0","full log","/log.cgi"
"tx.god.jp","70","/code/","i","* 2017-09-15 - make onion link more visible"
"tx.god.jp","70","/code/","i","* 2017-09-15 - update how to consensus.txt"
"tx.god.jp","70","/code/","i","* 2017-09-13 - remove short url service"
"tx.god.jp","70","/code/","i","* 2017-09-12 - add hackercouch unit files"
"tx.god.jp","70","/code/","i","* 2017-09-12 - fix phlog typo"
"tx.god.jp","70","/code/","0","atom feed (gopher)","/atom.xml"
"tx.god.jp","70","/code/","0","twtxt feed","/twtxtfeed.cgi"
"tx.god.jp","70","/code/","h","atom feed (https)","URL:https://tx.god.jp/code/gopher/atom.xml"
"tx.god.jp","70","/code/","i",""
"tx.god.jp","70","/code/","i","=== services ============================================================"
"tx.god.jp","70","/code/","i",""
"tx.god.jp","70","/code/","i","=== files ==============================================================="
"tx.god.jp","70","/code/","i",""
"tx.god.jp","70","/code/","i","=== meta ================================================================"
"tx.god.jp","70","/code/","0","uptime","/uptime.cgi"
"tx.god.jp","70","/code/","0","whoami","/whoami/whoami.txt"
"tx.god.jp","70","/code/","0","pubkey","/whoami/pubkey.gpg"
"tx.god.jp","70","/code/","i",""
"tx.god.jp","70","/code/","i","=== see also ============================================================"
"tx.god.jp","70","/code/",".","Full Stop Received"
