"uninformativ.de","70","","i",""
"uninformativ.de","70","","i","  ,           ,"
"uninformativ.de","70","","i"," /             \"
"uninformativ.de","70","","i","((__-^^-,-^^-__))                                         .--."
"uninformativ.de","70","","i"," `-_---' `---_-'                                         |o_o |"
"uninformativ.de","70","","i","  `--|o` 'o|--'            I am a GNU,                   |:_/ |"
"uninformativ.de","70","","i","     \  `  /              how do you do?                //   \ \"
"uninformativ.de","70","","i","      ): :(                                            (|     | )"
"uninformativ.de","70","","i","      :o_o:                                           /'\_   _/`\"
"uninformativ.de","70","","i","       -                                            \___)=(___/"
"uninformativ.de","70","","i",""
"uninformativ.de","70","","i",""
"uninformativ.de","70","","i","The  most  essential  resource  of  any society is not a physical"
"uninformativ.de","70","","i","resource, it's a psycho-social resource. It's the spirit  of  good"
"uninformativ.de","70","","i","will; the spirit of helping your neighbour."
"uninformativ.de","70","","i",""
"uninformativ.de","70","","i","                                               -- Richard Stallman"
"uninformativ.de","70","","i",""
"uninformativ.de","70","","i","Welcome to gopher://uninformativ.de"
"uninformativ.de","70","","i",""
"uninformativ.de","70","","i","Accessible via IPv4 and IPv6."
"uninformativ.de","70","","i",""
"uninformativ.de","70","","i","Meta info:"
"uninformativ.de","70","","1","About me","/about-me"
"uninformativ.de","70","","0","About this server","/about-server.txt"
"uninformativ.de","70","","0","CHANGELOG","/CHANGELOG"
"uninformativ.de","70","","0","ls -R","/ls-R.cgi"
"uninformativ.de","70","","i",""
"uninformativ.de","70","","i","Babbling:"
"uninformativ.de","70","","1","Twitpher / Mini-Phlog (english, very active)","/twitpher"
"uninformativ.de","70","","i",""
"uninformativ.de","70","","i","Topics:"
"uninformativ.de","70","","1","The Tibetan Language (UTF-8)","/tibetan"
"uninformativ.de","70","","1","Gopher Software and Resources","/gopher"
"uninformativ.de","70","","i",""
"uninformativ.de","70","","i","Misc:"
"uninformativ.de","70","","1","Text","/txt"
"uninformativ.de","70","","1","Desktop Screenshots","/desktop-screenshots"
"uninformativ.de","70","","1","3D renderings, fractals and photos","/pics"
"uninformativ.de","70","","1","Tools","/tools"
"uninformativ.de","70","","i",""
"uninformativ.de","70","","1","Links to other Gopher Servers","/links"
"uninformativ.de","70","/about-me","i","How to reach me."
"uninformativ.de","70","/about-me","0","E-Mail","/about-me/e-mail.txt"
"uninformativ.de","70","/about-me","0","GnuPG Key","/about-me/pubkey-current.asc"
"uninformativ.de","70","/about-me","0","See here for GnuPG Key fingerprints","/about-me/contact.md"
"uninformativ.de","70","/about-me","i",""
"uninformativ.de","70","/about-me","i","Personal information."
"uninformativ.de","70","/about-me","0","ASCII photo of me","/about-me/asciime.txt"
"uninformativ.de","70","/about-me","0","Software (biased fanboyism)","/about-me/software.txt"
"uninformativ.de","70","/about-me","0","Hardware","/about-me/hardware.txt"
"uninformativ.de","70","/about-me","i",""
"uninformativ.de","70","/about-me","i","Web links."
"uninformativ.de","70","/about-me","h","GitHub","URL:https://github.com/vain"
"uninformativ.de","70","/about-me","h","My Web Page","URL:http://www.uninformativ.de"
"uninformativ.de","70","/twitpher","i",""
"uninformativ.de","70","/twitpher","i","                          Twitpher / Mini-Phlog"
"uninformativ.de","70","/twitpher","i",""
"uninformativ.de","70","/twitpher","i","  Thought  I'd  share some of the cool stuff I discover. Hence I started"
"uninformativ.de","70","/twitpher","i","  my twitpher: Just a bunch of very short message, similar to  Twitter"
"uninformativ.de","70","/twitpher","i","  or Identica. Twitter via Gopher."
"uninformativ.de","70","/twitpher","i",""
"uninformativ.de","70","/twitpher","i","  You could also see it as a Mini-Phlog."
"uninformativ.de","70","/twitpher","i",""
"uninformativ.de","70","/twitpher","7","Search","/twitpher/search_in_txt.dcgi"
"uninformativ.de","70","/twitpher","i",""
"uninformativ.de","70","/twitpher","1","2012-01","/twitpher/2012-01"
"uninformativ.de","70","/twitpher","1","2012-02","/twitpher/2012-02"
"uninformativ.de","70","/twitpher","1","2012-03","/twitpher/2012-03"
"uninformativ.de","70","/twitpher","1","2012-04","/twitpher/2012-04"
"uninformativ.de","70","/twitpher","1","2012-05","/twitpher/2012-05"
"uninformativ.de","70","/twitpher","1","2012-06","/twitpher/2012-06"
"uninformativ.de","70","/twitpher","1","2012-07","/twitpher/2012-07"
"uninformativ.de","70","/twitpher","1","2012-08","/twitpher/2012-08"
"uninformativ.de","70","/twitpher","1","2012-09","/twitpher/2012-09"
"uninformativ.de","70","/twitpher","1","2012-10","/twitpher/2012-10"
"uninformativ.de","70","/twitpher","1","2012-11","/twitpher/2012-11"
"uninformativ.de","70","/twitpher","1","2012-12","/twitpher/2012-12"
"uninformativ.de","70","/twitpher","1","2013-01","/twitpher/2013-01"
"uninformativ.de","70","/twitpher","1","2013-02","/twitpher/2013-02"
"uninformativ.de","70","/twitpher","1","2013-03","/twitpher/2013-03"
"uninformativ.de","70","/twitpher","1","2013-04","/twitpher/2013-04"
"uninformativ.de","70","/twitpher","1","2013-05","/twitpher/2013-05"
"uninformativ.de","70","/twitpher","1","2013-06","/twitpher/2013-06"
"uninformativ.de","70","/twitpher","1","2013-07","/twitpher/2013-07"
"uninformativ.de","70","/twitpher","1","2013-08","/twitpher/2013-08"
"uninformativ.de","70","/twitpher","1","2013-09","/twitpher/2013-09"
"uninformativ.de","70","/twitpher","1","2013-10","/twitpher/2013-10"
"uninformativ.de","70","/twitpher","1","2013-11","/twitpher/2013-11"
"uninformativ.de","70","/twitpher","1","2013-12","/twitpher/2013-12"
"uninformativ.de","70","/twitpher","1","2014-01","/twitpher/2014-01"
"uninformativ.de","70","/twitpher","1","2014-03","/twitpher/2014-03"
"uninformativ.de","70","/twitpher","1","2014-04","/twitpher/2014-04"
"uninformativ.de","70","/twitpher","1","2014-05","/twitpher/2014-05"
"uninformativ.de","70","/twitpher","1","2014-06","/twitpher/2014-06"
"uninformativ.de","70","/twitpher","1","2014-07","/twitpher/2014-07"
"uninformativ.de","70","/twitpher","1","2014-08","/twitpher/2014-08"
"uninformativ.de","70","/twitpher","1","2014-09","/twitpher/2014-09"
"uninformativ.de","70","/twitpher","1","2014-10","/twitpher/2014-10"
"uninformativ.de","70","/twitpher","1","2014-12","/twitpher/2014-12"
"uninformativ.de","70","/twitpher","1","2015-02","/twitpher/2015-02"
"uninformativ.de","70","/twitpher","1","2015-03","/twitpher/2015-03"
"uninformativ.de","70","/twitpher","1","2015-04","/twitpher/2015-04"
"uninformativ.de","70","/twitpher","1","2015-05","/twitpher/2015-05"
"uninformativ.de","70","/twitpher","1","2015-06","/twitpher/2015-06"
"uninformativ.de","70","/twitpher","1","2015-07","/twitpher/2015-07"
"uninformativ.de","70","/twitpher","1","2015-08","/twitpher/2015-08"
"uninformativ.de","70","/twitpher","1","2015-09","/twitpher/2015-09"
"uninformativ.de","70","/twitpher","1","2015-10","/twitpher/2015-10"
"uninformativ.de","70","/twitpher","1","2015-12","/twitpher/2015-12"
"uninformativ.de","70","/twitpher","1","2016-01","/twitpher/2016-01"
"uninformativ.de","70","/twitpher","1","2016-02","/twitpher/2016-02"
"uninformativ.de","70","/twitpher","1","2016-03","/twitpher/2016-03"
"uninformativ.de","70","/twitpher","1","2016-04","/twitpher/2016-04"
"uninformativ.de","70","/twitpher","1","2016-05","/twitpher/2016-05"
"uninformativ.de","70","/twitpher","1","2016-06","/twitpher/2016-06"
"uninformativ.de","70","/twitpher","1","2016-07","/twitpher/2016-07"
"uninformativ.de","70","/twitpher","1","2016-08","/twitpher/2016-08"
"uninformativ.de","70","/twitpher","1","2016-09","/twitpher/2016-09"
"uninformativ.de","70","/twitpher","1","2016-10","/twitpher/2016-10"
"uninformativ.de","70","/twitpher","1","2016-11","/twitpher/2016-11"
"uninformativ.de","70","/twitpher","1","2016-12","/twitpher/2016-12"
"uninformativ.de","70","/twitpher","1","2017-01","/twitpher/2017-01"
"uninformativ.de","70","/twitpher","1","2017-02","/twitpher/2017-02"
"uninformativ.de","70","/twitpher","1","2017-03","/twitpher/2017-03"
"uninformativ.de","70","/twitpher","1","2017-04","/twitpher/2017-04"
"uninformativ.de","70","/twitpher","1","2017-05","/twitpher/2017-05"
"uninformativ.de","70","/twitpher","1","2017-06","/twitpher/2017-06"
"uninformativ.de","70","/twitpher","1","2017-07","/twitpher/2017-07"
"uninformativ.de","70","/twitpher","1","2017-08","/twitpher/2017-08"
"uninformativ.de","70","/tibetan","i","I'm  learning  the  tibetan language. As I go, I'll collect useful"
"uninformativ.de","70","/tibetan","i","bits and pieces."
"uninformativ.de","70","/tibetan","i",""
"uninformativ.de","70","/tibetan","i","All plain text files in this directory are UTF-8 encoded."
"uninformativ.de","70","/tibetan","i",""
"uninformativ.de","70","/tibetan","i","                          ########"
"uninformativ.de","70","/tibetan","i","                        ###########"
"uninformativ.de","70","/tibetan","i","                       ####    #####"
"uninformativ.de","70","/tibetan","i","                       #####    ####             ####"
"uninformativ.de","70","/tibetan","i","                        ###########      ############"
"uninformativ.de","70","/tibetan","i","              #########  ########   ###############"
"uninformativ.de","70","/tibetan","i","             ############         ##############"
"uninformativ.de","70","/tibetan","i","              #############     ############"
"uninformativ.de","70","/tibetan","i","                     #######  #######"
"uninformativ.de","70","/tibetan","i","                         #######"
"uninformativ.de","70","/tibetan","i","                           ###"
"uninformativ.de","70","/tibetan","i",""
"uninformativ.de","70","/tibetan","i","               #####      #############     ######"
"uninformativ.de","70","/tibetan","i","              ######     ##############   ########"
"uninformativ.de","70","/tibetan","i","              ######     ##############   ########"
"uninformativ.de","70","/tibetan","i","               ####       ###########      #######"
"uninformativ.de","70","/tibetan","i","               ##         ###########       #####"
"uninformativ.de","70","/tibetan","i","              ###        ###    ######      #####"
"uninformativ.de","70","/tibetan","i","              ###      #######   ######     #####"
"uninformativ.de","70","/tibetan","i","              ###     #########   ######     ###"
"uninformativ.de","70","/tibetan","i","              ####      ########    #####    ###"
"uninformativ.de","70","/tibetan","i","              #####         ####     #####   ###"
"uninformativ.de","70","/tibetan","i","               #####         ##       #####  ###"
"uninformativ.de","70","/tibetan","i","                #######     ###        #####  ##"
"uninformativ.de","70","/tibetan","i","                 #############           ###  ##"
"uninformativ.de","70","/tibetan","i","                   ##########             ######"
"uninformativ.de","70","/tibetan","i","                                           #####"
"uninformativ.de","70","/tibetan","i","                                             ###"
"uninformativ.de","70","/tibetan","i","                                              ##"
"uninformativ.de","70","/tibetan","i",""
"uninformativ.de","70","/tibetan","0","How to view these files on GNU/Linux","/tibetan/howtoview.txt"
"uninformativ.de","70","/tibetan","i",""
"uninformativ.de","70","/tibetan","0","Writing tibetan in leafpad","/tibetan/leafpad.txt"
"uninformativ.de","70","/tibetan","0","German books I use","/tibetan/germanbooks.txt"
"uninformativ.de","70","/tibetan","i",""
"uninformativ.de","70","/tibetan","h","An amazing online dictionary","URL:http://www.thlib.org/reference/dictionaries/tibetan-dictionary/index.php"
"uninformativ.de","70","/tibetan","i",""
"uninformativ.de","70","/tibetan","0","How the logo above was created","/tibetan/logo.txt"
"uninformativ.de","70","/gopher","1","gophcatch","/gopher/gophcatch"
"uninformativ.de","70","/gopher","0","import-from-git","/gopher/import-from-git"
"uninformativ.de","70","/gopher","1","RFCs","/gopher/RFCs"
"uninformativ.de","70","/gopher","1","sgopherd","/gopher/sgopherd"
"uninformativ.de","70","/txt","7","Search","/txt/search_in_txt.dcgi"
"uninformativ.de","70","/txt","i",""
"uninformativ.de","70","/txt","1","advocacy","/txt/advocacy"
"uninformativ.de","70","/txt","1","fun","/txt/fun"
"uninformativ.de","70","/txt","1","gnu-linux-notes","/txt/gnu-linux-notes"
"uninformativ.de","70","/txt","1","troff","/txt/troff"
"uninformativ.de","70","/txt","1","unix","/txt/unix"
"uninformativ.de","70","/desktop-screenshots","I","2003-01-22--WinXP-No-TCPA.png","/desktop-screenshots/2003-01-22--WinXP-No-TCPA.png"
"uninformativ.de","70","/desktop-screenshots","I","2003-08-09--kde1-old-mailserver.png","/desktop-screenshots/2003-08-09--kde1-old-mailserver.png"
"uninformativ.de","70","/desktop-screenshots","I","2006-05-26--gnome2.png","/desktop-screenshots/2006-05-26--gnome2.png"
"uninformativ.de","70","/desktop-screenshots","I","2007-05-25--gnome2-laptop.png","/desktop-screenshots/2007-05-25--gnome2-laptop.png"
"uninformativ.de","70","/desktop-screenshots","I","2007-05-27--gnome2-laptop.png","/desktop-screenshots/2007-05-27--gnome2-laptop.png"
"uninformativ.de","70","/desktop-screenshots","I","2007-12-29--gnome2-oblivion.jpg","/desktop-screenshots/2007-12-29--gnome2-oblivion.jpg"
"uninformativ.de","70","/desktop-screenshots","I","2008-03-20--gnome2-bright.jpg","/desktop-screenshots/2008-03-20--gnome2-bright.jpg"
"uninformativ.de","70","/desktop-screenshots","I","2008-05-10--gnome2-sticky-term.jpg","/desktop-screenshots/2008-05-10--gnome2-sticky-term.jpg"
"uninformativ.de","70","/desktop-screenshots","I","2008-05-11--gnome2-sticky-term2.jpg","/desktop-screenshots/2008-05-11--gnome2-sticky-term2.jpg"
"uninformativ.de","70","/desktop-screenshots","I","2008-05-27--gnome2-sticky-term3.jpg","/desktop-screenshots/2008-05-27--gnome2-sticky-term3.jpg"
"uninformativ.de","70","/desktop-screenshots","I","2008-07-16--xfce4-coding.jpg","/desktop-screenshots/2008-07-16--xfce4-coding.jpg"
"uninformativ.de","70","/desktop-screenshots","I","2008-07-28--xfce4-large.jpg","/desktop-screenshots/2008-07-28--xfce4-large.jpg"
"uninformativ.de","70","/desktop-screenshots","I","2008-10-16--xfce4-terminus-with-tint2.jpg","/desktop-screenshots/2008-10-16--xfce4-terminus-with-tint2.jpg"
"uninformativ.de","70","/desktop-screenshots","I","2009-01-12--xfce4-with-tint2.png","/desktop-screenshots/2009-01-12--xfce4-with-tint2.png"
"uninformativ.de","70","/desktop-screenshots","I","2009-01-20--xfce4-helvetica.jpg","/desktop-screenshots/2009-01-20--xfce4-helvetica.jpg"
"uninformativ.de","70","/desktop-screenshots","I","2009-02-14--xfce4-time_t-party.jpg","/desktop-screenshots/2009-02-14--xfce4-time_t-party.jpg"
"uninformativ.de","70","/desktop-screenshots","I","2009-09-13--wmii.png","/desktop-screenshots/2009-09-13--wmii.png"
"uninformativ.de","70","/desktop-screenshots","I","2010-03-09--xfce4-retro.png","/desktop-screenshots/2010-03-09--xfce4-retro.png"
"uninformativ.de","70","/desktop-screenshots","I","2010-03-19--xfce4.png","/desktop-screenshots/2010-03-19--xfce4.png"
"uninformativ.de","70","/desktop-screenshots","I","2010-04-11--dvtm-KMS-screen.png","/desktop-screenshots/2010-04-11--dvtm-KMS-screen.png"
"uninformativ.de","70","/desktop-screenshots","I","2010-05-08--awesome3.png","/desktop-screenshots/2010-05-08--awesome3.png"
"uninformativ.de","70","/desktop-screenshots","I","2010-07-05--xfce4-easy-on-eyes.png","/desktop-screenshots/2010-07-05--xfce4-easy-on-eyes.png"
"uninformativ.de","70","/desktop-screenshots","I","2010-07-06--awesome3-more-widgets.jpg","/desktop-screenshots/2010-07-06--awesome3-more-widgets.jpg"
"uninformativ.de","70","/desktop-screenshots","I","2010-09-05--awesome3-no-tasklist.jpg","/desktop-screenshots/2010-09-05--awesome3-no-tasklist.jpg"
"uninformativ.de","70","/desktop-screenshots","I","2010-09-08--awesome3-xplanet.jpg","/desktop-screenshots/2010-09-08--awesome3-xplanet.jpg"
"uninformativ.de","70","/desktop-screenshots","I","2010-09-20--vim-vain256scheme.png","/desktop-screenshots/2010-09-20--vim-vain256scheme.png"
"uninformativ.de","70","/desktop-screenshots","I","2010-09-24--awesome3-termfair-layout.jpg","/desktop-screenshots/2010-09-24--awesome3-termfair-layout.jpg"
"uninformativ.de","70","/desktop-screenshots","I","2010-09-28--awesome3-browse-black.jpg","/desktop-screenshots/2010-09-28--awesome3-browse-black.jpg"
"uninformativ.de","70","/desktop-screenshots","I","2010-09-28--awesome3-termfair-black.jpg","/desktop-screenshots/2010-09-28--awesome3-termfair-black.jpg"
"uninformativ.de","70","/desktop-screenshots","I","2010-10-03--awesome3-colored-ls.png","/desktop-screenshots/2010-10-03--awesome3-colored-ls.png"
"uninformativ.de","70","/desktop-screenshots","I","2010-10-06--awesome3-siv2-levels-of-detail.jpg","/desktop-screenshots/2010-10-06--awesome3-siv2-levels-of-detail.jpg"
"uninformativ.de","70","/desktop-screenshots","I","2010-10-08--xfce4-poor-pytiler.jpg","/desktop-screenshots/2010-10-08--xfce4-poor-pytiler.jpg"
"uninformativ.de","70","/desktop-screenshots","I","2010-10-13--awesome3-vain.png","/desktop-screenshots/2010-10-13--awesome3-vain.png"
"uninformativ.de","70","/desktop-screenshots","I","2010-11-11--awesome3-titlebarbuttons-like-mwm.png","/desktop-screenshots/2010-11-11--awesome3-titlebarbuttons-like-mwm.png"
"uninformativ.de","70","/desktop-screenshots","I","2010-11-21--awesome3-kohlmeise.png","/desktop-screenshots/2010-11-21--awesome3-kohlmeise.png"
"uninformativ.de","70","/desktop-screenshots","I","2010-12-11--awesome3-helvetica-comparison.jpg","/desktop-screenshots/2010-12-11--awesome3-helvetica-comparison.jpg"
"uninformativ.de","70","/desktop-screenshots","I","2010-12-19--awesome3-unicode-vga-font.jpg","/desktop-screenshots/2010-12-19--awesome3-unicode-vga-font.jpg"
"uninformativ.de","70","/desktop-screenshots","I","2011-02-20--awesome3-asciikrams.png","/desktop-screenshots/2011-02-20--awesome3-asciikrams.png"
"uninformativ.de","70","/desktop-screenshots","I","2011-03-06--awesome3-hacking-on-gravsim.png","/desktop-screenshots/2011-03-06--awesome3-hacking-on-gravsim.png"
"uninformativ.de","70","/desktop-screenshots","I","2011-03-13--awesome3-logo.png","/desktop-screenshots/2011-03-13--awesome3-logo.png"
"uninformativ.de","70","/desktop-screenshots","I","2011-03-19--dvtm-vt220-font.png","/desktop-screenshots/2011-03-19--dvtm-vt220-font.png"
"uninformativ.de","70","/desktop-screenshots","I","2011-04-07--awesome3-oldschool-game-on-free-radeon-driver.png","/desktop-screenshots/2011-04-07--awesome3-oldschool-game-on-free-radeon-driver.png"
"uninformativ.de","70","/desktop-screenshots","I","2011-04-07--awesome3-omg-pseudo-busy.png","/desktop-screenshots/2011-04-07--awesome3-omg-pseudo-busy.png"
"uninformativ.de","70","/desktop-screenshots","I","2011-04-07--awesome3-simple-is-beautiful.png","/desktop-screenshots/2011-04-07--awesome3-simple-is-beautiful.png"
"uninformativ.de","70","/desktop-screenshots","I","2011-04-11--awesome3-blue.png","/desktop-screenshots/2011-04-11--awesome3-blue.png"
"uninformativ.de","70","/desktop-screenshots","I","2011-04-17--awesome3-vim-herald2scheme.png","/desktop-screenshots/2011-04-17--awesome3-vim-herald2scheme.png"
"uninformativ.de","70","/desktop-screenshots","I","2011-04-29--awesome3-netbook-power-rate.png","/desktop-screenshots/2011-04-29--awesome3-netbook-power-rate.png"
"uninformativ.de","70","/desktop-screenshots","I","2011-06-02--awesome3-with-screeninfo-clean.png","/desktop-screenshots/2011-06-02--awesome3-with-screeninfo-clean.png"
"uninformativ.de","70","/desktop-screenshots","I","2011-06-02--awesome3-with-screeninfo.png","/desktop-screenshots/2011-06-02--awesome3-with-screeninfo.png"
"uninformativ.de","70","/desktop-screenshots","I","2011-06-10--awesome3-hacking-on-rtspeccy.png","/desktop-screenshots/2011-06-10--awesome3-hacking-on-rtspeccy.png"
"uninformativ.de","70","/desktop-screenshots","I","2011-07-06--awesome3-luakit.png","/desktop-screenshots/2011-07-06--awesome3-luakit.png"
"uninformativ.de","70","/desktop-screenshots","I","2011-07-12--awesome3-luakit-and-bright-terminals.png","/desktop-screenshots/2011-07-12--awesome3-luakit-and-bright-terminals.png"
"uninformativ.de","70","/desktop-screenshots","I","2011-07-12--awesome3-terminal-contrast-comparison.png","/desktop-screenshots/2011-07-12--awesome3-terminal-contrast-comparison.png"
"uninformativ.de","70","/desktop-screenshots","I","2011-07-23--awesome3-bright-terminals-once-again.png","/desktop-screenshots/2011-07-23--awesome3-bright-terminals-once-again.png"
"uninformativ.de","70","/desktop-screenshots","I","2011-07-25--awesome3-light-terminals-with-info.png","/desktop-screenshots/2011-07-25--awesome3-light-terminals-with-info.png"
"uninformativ.de","70","/desktop-screenshots","I","2011-08-08--awesome3-linux3.png","/desktop-screenshots/2011-08-08--awesome3-linux3.png"
"uninformativ.de","70","/desktop-screenshots","I","2011-08-21--awesome3-current-browse-single-useless-gap.png","/desktop-screenshots/2011-08-21--awesome3-current-browse-single-useless-gap.png"
"uninformativ.de","70","/desktop-screenshots","I","2011-08-21--awesome3-small-font.png","/desktop-screenshots/2011-08-21--awesome3-small-font.png"
"uninformativ.de","70","/desktop-screenshots","I","2011-09-03--awesome3-colored-ls-with-separators.png","/desktop-screenshots/2011-09-03--awesome3-colored-ls-with-separators.png"
"uninformativ.de","70","/desktop-screenshots","I","2011-09-27--awesome3-greyish.png","/desktop-screenshots/2011-09-27--awesome3-greyish.png"
"uninformativ.de","70","/desktop-screenshots","I","2011-12-28--awesome3-jahresabschluss.png","/desktop-screenshots/2011-12-28--awesome3-jahresabschluss.png"
"uninformativ.de","70","/desktop-screenshots","I","2012-01-20--awesome3-birds.png","/desktop-screenshots/2012-01-20--awesome3-birds.png"
"uninformativ.de","70","/desktop-screenshots","I","2012-03-02--openbox-freebsd-pdfpres.png","/desktop-screenshots/2012-03-02--openbox-freebsd-pdfpres.png"
"uninformativ.de","70","/desktop-screenshots","I","2012-04-09--awesome3-lime-busy.png","/desktop-screenshots/2012-04-09--awesome3-lime-busy.png"
"uninformativ.de","70","/desktop-screenshots","I","2012-04-09--awesome3-lime-clean.png","/desktop-screenshots/2012-04-09--awesome3-lime-clean.png"
"uninformativ.de","70","/desktop-screenshots","I","2012-05-20--awesome3-vairomouse.png","/desktop-screenshots/2012-05-20--awesome3-vairomouse.png"
"uninformativ.de","70","/desktop-screenshots","I","2012-05-27--awesome3-focus-on-things.png","/desktop-screenshots/2012-05-27--awesome3-focus-on-things.png"
"uninformativ.de","70","/desktop-screenshots","I","2012-06-04--awesome3-many-boxes.png","/desktop-screenshots/2012-06-04--awesome3-many-boxes.png"
"uninformativ.de","70","/desktop-screenshots","I","2012-07-06--awesome3-sehr-luftig.png","/desktop-screenshots/2012-07-06--awesome3-sehr-luftig.png"
"uninformativ.de","70","/desktop-screenshots","I","2012-07-13--awesome3-time_t-party.png","/desktop-screenshots/2012-07-13--awesome3-time_t-party.png"
"uninformativ.de","70","/desktop-screenshots","I","2012-08-10--CDE-first-shot-missing-pixmaps.png","/desktop-screenshots/2012-08-10--CDE-first-shot-missing-pixmaps.png"
"uninformativ.de","70","/desktop-screenshots","I","2012-08-15--CDE-fixed-pixmaps.png","/desktop-screenshots/2012-08-15--CDE-fixed-pixmaps.png"
"uninformativ.de","70","/desktop-screenshots","I","2012-09-02--CDE-first-real-install.png","/desktop-screenshots/2012-09-02--CDE-first-real-install.png"
"uninformativ.de","70","/desktop-screenshots","I","2012-09-07--CDE-more-cde.png","/desktop-screenshots/2012-09-07--CDE-more-cde.png"
"uninformativ.de","70","/desktop-screenshots","I","2012-09-13--dwm-greenish.png","/desktop-screenshots/2012-09-13--dwm-greenish.png"
"uninformativ.de","70","/desktop-screenshots","I","2012-11-24--dwm-spacy-blue.png","/desktop-screenshots/2012-11-24--dwm-spacy-blue.png"
"uninformativ.de","70","/desktop-screenshots","I","2012-12-02--dwm-vim-termpot.png","/desktop-screenshots/2012-12-02--dwm-vim-termpot.png"
"uninformativ.de","70","/desktop-screenshots","I","2012-12-24--dwm-retro-space.png","/desktop-screenshots/2012-12-24--dwm-retro-space.png"
"uninformativ.de","70","/desktop-screenshots","I","2013-04-05--dwm.png","/desktop-screenshots/2013-04-05--dwm.png"
"uninformativ.de","70","/desktop-screenshots","I","2013-05-08--dwm-first-shot-on-new-workstation.png","/desktop-screenshots/2013-05-08--dwm-first-shot-on-new-workstation.png"
"uninformativ.de","70","/desktop-screenshots","I","2013-05-18--dwm-tiled-with-gaps.png","/desktop-screenshots/2013-05-18--dwm-tiled-with-gaps.png"
"uninformativ.de","70","/desktop-screenshots","I","2013-07-14--dwm-vim-termpot-1.2.png","/desktop-screenshots/2013-07-14--dwm-vim-termpot-1.2.png"
"uninformativ.de","70","/desktop-screenshots","I","2013-09-07--dwm-one-year.png","/desktop-screenshots/2013-09-07--dwm-one-year.png"
"uninformativ.de","70","/desktop-screenshots","I","2013-11-12--dwm-green-revamp.png","/desktop-screenshots/2013-11-12--dwm-green-revamp.png"
"uninformativ.de","70","/desktop-screenshots","g","2013-12-14--dwm-dynamic-nmaster-gif.gif","/desktop-screenshots/2013-12-14--dwm-dynamic-nmaster-gif.gif"
"uninformativ.de","70","/desktop-screenshots","I","2014-03-29--dwm-xterm-sixel.png","/desktop-screenshots/2014-03-29--dwm-xterm-sixel.png"
"uninformativ.de","70","/desktop-screenshots","I","2014-05-04--dwm-blueish.png","/desktop-screenshots/2014-05-04--dwm-blueish.png"
"uninformativ.de","70","/desktop-screenshots","I","2014-05-13--dwm-time_t-party.png","/desktop-screenshots/2014-05-13--dwm-time_t-party.png"
"uninformativ.de","70","/desktop-screenshots","I","2014-06-09--dwm-pixmap-autumn.png","/desktop-screenshots/2014-06-09--dwm-pixmap-autumn.png"
"uninformativ.de","70","/desktop-screenshots","I","2014-06-12--dwm-more-elaborate-pixmaps.png","/desktop-screenshots/2014-06-12--dwm-more-elaborate-pixmaps.png"
"uninformativ.de","70","/desktop-screenshots","I","2014-06-15--dwm-lariza.png","/desktop-screenshots/2014-06-15--dwm-lariza.png"
"uninformativ.de","70","/desktop-screenshots","I","2014-06-21--dwm-lariza-with-tabbed-vain-and-dm.png","/desktop-screenshots/2014-06-21--dwm-lariza-with-tabbed-vain-and-dm.png"
"uninformativ.de","70","/desktop-screenshots","I","2014-07-16--dwm-titlebars.png","/desktop-screenshots/2014-07-16--dwm-titlebars.png"
"uninformativ.de","70","/desktop-screenshots","I","2015-01-01--dwm-lariza-webkit2.png","/desktop-screenshots/2015-01-01--dwm-lariza-webkit2.png"
"uninformativ.de","70","/desktop-screenshots","I","2015-02-23--dwm-redish-asciiworld-mutt.png","/desktop-screenshots/2015-02-23--dwm-redish-asciiworld-mutt.png"
"uninformativ.de","70","/desktop-screenshots","I","2015-04-26--dwm-birds.jpg","/desktop-screenshots/2015-04-26--dwm-birds.jpg"
"uninformativ.de","70","/desktop-screenshots","I","2015-04-30--dwm-linux4.png","/desktop-screenshots/2015-04-30--dwm-linux4.png"
"uninformativ.de","70","/desktop-screenshots","I","2015-07-04--dwm-blue.png","/desktop-screenshots/2015-07-04--dwm-blue.png"
"uninformativ.de","70","/desktop-screenshots","I","2015-07-26--pentium133-openbsd57.png","/desktop-screenshots/2015-07-26--pentium133-openbsd57.png"
"uninformativ.de","70","/desktop-screenshots","I","2015-07-27--dwm-uw-ttyp0.png","/desktop-screenshots/2015-07-27--dwm-uw-ttyp0.png"
"uninformativ.de","70","/desktop-screenshots","I","2015-08-08--dwm-uw-ttyp0.png","/desktop-screenshots/2015-08-08--dwm-uw-ttyp0.png"
"uninformativ.de","70","/desktop-screenshots","9","2015-10-07--dwm-xiate-moving-stuff.webm","/desktop-screenshots/2015-10-07--dwm-xiate-moving-stuff.webm"
"uninformativ.de","70","/desktop-screenshots","I","2015-10-15--dwm-envypn.png","/desktop-screenshots/2015-10-15--dwm-envypn.png"
"uninformativ.de","70","/desktop-screenshots","I","2015-10-27--dwm-twolinebar.png","/desktop-screenshots/2015-10-27--dwm-twolinebar.png"
"uninformativ.de","70","/desktop-screenshots","I","2015-12-30--katriawm-milestone-1.png","/desktop-screenshots/2015-12-30--katriawm-milestone-1.png"
"uninformativ.de","70","/desktop-screenshots","I","2016-01-01--katriawm-milestone-2.png","/desktop-screenshots/2016-01-01--katriawm-milestone-2.png"
"uninformativ.de","70","/desktop-screenshots","I","2016-01-04--katriawm-milestone-3.png","/desktop-screenshots/2016-01-04--katriawm-milestone-3.png"
"uninformativ.de","70","/desktop-screenshots","I","2016-01-08--katriawm.png","/desktop-screenshots/2016-01-08--katriawm.png"
"uninformativ.de","70","/desktop-screenshots","I","2016-01-09--katriawm-decobars.png","/desktop-screenshots/2016-01-09--katriawm-decobars.png"
"uninformativ.de","70","/desktop-screenshots","I","2016-01-28--katriawm-bevelbar-ttyp0.png","/desktop-screenshots/2016-01-28--katriawm-bevelbar-ttyp0.png"
"uninformativ.de","70","/desktop-screenshots","I","2016-02-11--katriawm-bevelbar.png","/desktop-screenshots/2016-02-11--katriawm-bevelbar.png"
"uninformativ.de","70","/desktop-screenshots","I","2016-02-28--katriawm-bevelbar-qsqs.png","/desktop-screenshots/2016-02-28--katriawm-bevelbar-qsqs.png"
"uninformativ.de","70","/desktop-screenshots","I","2016-03-13--katriawm-siv3.png","/desktop-screenshots/2016-03-13--katriawm-siv3.png"
"uninformativ.de","70","/desktop-screenshots","I","2016-03-19--katriawm-bevelbar-qsqs.png","/desktop-screenshots/2016-03-19--katriawm-bevelbar-qsqs.png"
"uninformativ.de","70","/desktop-screenshots","I","2016-06-24--nixers-tty-week.png","/desktop-screenshots/2016-06-24--nixers-tty-week.png"
"uninformativ.de","70","/desktop-screenshots","I","2016-08-14--katriawm-bevelbar-infofeld.png","/desktop-screenshots/2016-08-14--katriawm-bevelbar-infofeld.png"
"uninformativ.de","70","/desktop-screenshots","I","2016-09-24--katriawm.png","/desktop-screenshots/2016-09-24--katriawm.png"
"uninformativ.de","70","/desktop-screenshots","I","2017-01-29--katriawm-bevelbar-infofeld-lariza.png","/desktop-screenshots/2017-01-29--katriawm-bevelbar-infofeld-lariza.png"
"uninformativ.de","70","/desktop-screenshots","I","2017-03-02--katriawm-tuxeye2.png","/desktop-screenshots/2017-03-02--katriawm-tuxeye2.png"
"uninformativ.de","70","/desktop-screenshots","I","2017-07-14--katriawm-time_t-party.png","/desktop-screenshots/2017-07-14--katriawm-time_t-party.png"
"uninformativ.de","70","/pics","1","aoi","/pics/aoi"
"uninformativ.de","70","/pics","1","fractals","/pics/fractals"
"uninformativ.de","70","/pics","h","index.html","/pics/index.html"
"uninformativ.de","70","/pics","0","LICENSE.txt","/pics/LICENSE.txt"
"uninformativ.de","70","/pics","1","photo","/pics/photo"
"uninformativ.de","70","/tools","i"," _              _"
"uninformativ.de","70","/tools","i","| |_ ___   ___ | |___"
"uninformativ.de","70","/tools","i","| __/ _ \ / _ \| / __|"
"uninformativ.de","70","/tools","i","| || (_) | (_) | \__ \"
"uninformativ.de","70","/tools","i"," \__\___/ \___/|_|___/"
"uninformativ.de","70","/tools","i",""
"uninformativ.de","70","/tools","i",""
"uninformativ.de","70","/tools","i","The  following  script returns the IP of your request. You can use"
"uninformativ.de","70","/tools","i","it as a simpler alternative to services like ifconfig.co."
"uninformativ.de","70","/tools","0","Your IP","/tools/ip.cgi"
"uninformativ.de","70","/links","i","Floodgap:"
"uninformativ.de","70","/links","7","Search using Floodgap's Veronica","/v2/vs"
"uninformativ.de","70","/links","i",""
"uninformativ.de","70","/links","1","Local mirror of New servers ...","/links/floodgap-new-mirror.raw.menu"
"uninformativ.de","70","/links","i",""
"uninformativ.de","70","/links","i","Servers that are well known to be running:"
