"zelibertinegamer.me","70","","i","                      You've reached the gopherhole of..."
"zelibertinegamer.me","70","","i","     ____      _    _ _             _   _             ___"
"zelibertinegamer.me","70","","i","    |_  /___  | |  (_) |__  ___ _ _| |_(_)_ _  ___   / __|__ _ _ __  ___ _ _"
"zelibertinegamer.me","70","","i","     / // -_) | |__| | '_ \/ -_) '_|  _| | ' \/ -_) | (_ / _` | '  \/ -_) '_|"
"zelibertinegamer.me","70","","i","    /___\___| |____|_|_.__/\___|_|  \__|_|_||_\___|  \___\__,_|_|_|_\___|_|"
"zelibertinegamer.me","70","","i",""
"zelibertinegamer.me","70","","i","                     games, GNU/Linux, programming, design"
"zelibertinegamer.me","70","","i",""
"zelibertinegamer.me","70","","0","About this server","/about.txt"
"zelibertinegamer.me","70","","0","About me","/me.txt"
"zelibertinegamer.me","70","","0","Current Backlog","/backlog.cgi"
"zelibertinegamer.me","70","","i",""
"zelibertinegamer.me","70","","i","CONTENT"
"zelibertinegamer.me","70","","1","Video Game FAQs","/faqs"
"zelibertinegamer.me","70","","1","Articles","/articles"
"zelibertinegamer.me","70","","1","Phlog","/phlog"
"zelibertinegamer.me","70","","h","Code","URL:https://git.zelibertinegamer.me"
"zelibertinegamer.me","70","","i",""
"zelibertinegamer.me","70","","i","ANCILLARY"
"zelibertinegamer.me","70","","0","What's my IP?","/ip.cgi"
"zelibertinegamer.me","70","","1","Other Gopherholes","/links"
"zelibertinegamer.me","70","","1","Guestbook","/guestbook.dcgi"
"zelibertinegamer.me","70","/faqs","i","FAQs and other guides that I've made for video games can be found here. They are"
"zelibertinegamer.me","70","/faqs","i","all formatted to 80 characters per line or less, and are generally encoded in"
"zelibertinegamer.me","70","/faqs","i","UTF-8. This section is organized by system, then game and FAQ type."
"zelibertinegamer.me","70","/faqs","i",""
"zelibertinegamer.me","70","/faqs","1","GameBoy Advance","/faqs/gba"
"zelibertinegamer.me","70","/faqs","1","Nintendo DS","/faqs/nds"
"zelibertinegamer.me","70","/articles","i","My personal thoughts on various topics. Read at your own risk."
"zelibertinegamer.me","70","/articles","i",""
"zelibertinegamer.me","70","/articles","i",""
"zelibertinegamer.me","70","/articles","1","Software","/articles/Software"
"zelibertinegamer.me","70","/phlog","i","Random thoughts that aren't important or long enough for a proper article will go here."
"zelibertinegamer.me","70","/phlog","i",""
"zelibertinegamer.me","70","/phlog","0","Honest Discourse? Sign me up! -- 2017-08-24","/phlog/2017-08-24_0211.txt"
"zelibertinegamer.me","70","/phlog","0","Thoughts on Gopher Interconnectivity -- 2017-08-06","/phlog/2017-08-06_1851.txt"
"zelibertinegamer.me","70","/phlog","0","Small changes, big relief -- 2017-08-06","/phlog/2017-08-06_0033.txt"
"zelibertinegamer.me","70","/phlog","0","Joining the Phlogosphere -- 2017-08-02","/phlog/2017-08-02_2244.txt"
"zelibertinegamer.me","70","/phlog","0","Corporate acquisition of the Web, maybe Internet -- 2017-07-09","/phlog/2017-07-09_2210.txt"
"zelibertinegamer.me","70","/phlog","0","K&R Chapter 8 -- 2017-05-20","/phlog/2017-05-20_0125.txt"
"zelibertinegamer.me","70","/phlog","0","Pygments -- 2017-04-30","/phlog/2017-04-30_1702.txt"
"zelibertinegamer.me","70","/phlog","0","Social Gaming, Power Outage -- 2017-04-09","/phlog/2017-04-09_0027.txt"
"zelibertinegamer.me","70","/phlog","0","Skype, lul -- 2017-03-11","/phlog/2017-03-11_2207.txt"
"zelibertinegamer.me","70","/phlog","0","Captain Toad is finished -- 2017-02-23","/phlog/2017-02-23_1733.txt"
"zelibertinegamer.me","70","/phlog","0","New Hardware and Rejecting W3C -- 2017-02-14","/phlog/2017-02-14_2159.txt"
"zelibertinegamer.me","70","/phlog","0","Awaiting the Switch -- 2017-01-13","/phlog/2017-01-13_0324.txt"
"zelibertinegamer.me","70","/phlog","0","On Hiatus -- 2016-12-20","/phlog/2016-12-20_2100.txt"
"zelibertinegamer.me","70","/phlog","0","Lagging on Backlog -- 2016-12-13","/phlog/2016-12-13_0458.txt"
"zelibertinegamer.me","70","/phlog","0","Chatting on Tox -- 2016-10-27","/phlog/2016-10-27_1940.txt"
"zelibertinegamer.me","70","/phlog","0","Super Busy -- 2016-10-24","/phlog/2016-10-24_0323.txt"
"zelibertinegamer.me","70","/phlog","0","Tiling, for Great Justice! -- 2016-10-13","/phlog/2016-10-13_0728.txt"
"zelibertinegamer.me","70","/phlog","0","Looking Ahead and Above -- 2016-09-21","/phlog/2016-09-21_0119.txt"
"zelibertinegamer.me","70","/phlog","0","The quest for a clean Gentoo -- 2016-09-17","/phlog/2016-09-17_2319.txt"
"zelibertinegamer.me","70","/phlog","0","Diving into Demon's Souls -- 2016-09-10","/phlog/2016-09-10_2350.txt"
"zelibertinegamer.me","70","/phlog","0","RPGs are for story? Since when? -- 2016-08-06","/phlog/2016-08-06_0355.txt"
"zelibertinegamer.me","70","/phlog","0","Semantics and Fandom -- 2016-07-28","/phlog/2016-07-28_1755.txt"
"zelibertinegamer.me","70","/phlog","0","DLC has created gullible customers -- 2016-07-15","/phlog/2016-07-15_0523.txt"
"zelibertinegamer.me","70","/phlog","0","Backlog Design and Spending -- 2016-07-06","/phlog/2016-07-06_0612.txt"
"zelibertinegamer.me","70","/phlog","0","Working Again -- 2016-06-27","/phlog/2016-06-27_1157.txt"
"zelibertinegamer.me","70","/phlog","0","Lynx? Almost perfect. -- 2016-06-15","/phlog/2016-06-15_0232.txt"
"zelibertinegamer.me","70","/phlog","0","Mozilla, OverbiteFF, and Unicode -- 2016-05-22","/phlog/2016-05-22_1247.txt"
"zelibertinegamer.me","70","/phlog","0","PS3 Media for the win! -- 2016-05-16","/phlog/2016-05-15_2052.txt"
"zelibertinegamer.me","70","/phlog","0","Geometry is Key -- 2016-05-07","/phlog/2016-05-07_1639.txt"
"zelibertinegamer.me","70","/phlog","0","Python; feels good, man -- 2016-05-01","/phlog/2016-05-01_0426.txt"
"zelibertinegamer.me","70","/phlog","0","Cannabis is great, amirite? -- 2016-04-20","/phlog/2016-04-20_1644.txt"
"zelibertinegamer.me","70","/phlog","0","Thoughts on subtle game design -- 2016-04-19","/phlog/2016-04-19_0155.txt"
"zelibertinegamer.me","70","/phlog","0","Ramblings, Yoshi, and More Gopher! -- 2016-04-07","/phlog/2016-04-07_2232.txt"
"zelibertinegamer.me","70","/phlog","0","Deadpool, gopher, and more BL2 -- 2016-03-10","/phlog/2016-03-10_0506.txt"
"zelibertinegamer.me","70","/phlog","0","Thoughts on Torchlight 2 -- 2016-03-01","/phlog/2016-03-01_0544.txt"
"zelibertinegamer.me","70","/phlog","0","Addicted to Borderlands 2 -- 2016-02-28","/phlog/2016-02-28_0531.txt"
"zelibertinegamer.me","70","/phlog","0","False Alarm -- 2016-02-24","/phlog/2016-02-24_1844.txt"
"zelibertinegamer.me","70","/phlog","0","PulseAudio woes and Steam -- 2016-02-24","/phlog/2016-02-24_0727.txt"
"zelibertinegamer.me","70","/links","i","Links to Other Gopherspaces"
"zelibertinegamer.me","70","/links","i",""
"zelibertinegamer.me","70","/links","i","An enjoyable gopherhole about video games and *nix computing"
"zelibertinegamer.me","70","/links","i","A nice gopherhole sharing games, a phlog, and a 'tagwall'"
"zelibertinegamer.me","70","/links","i",""
"zelibertinegamer.me","70","/links","i","Gopher-related Links"
"zelibertinegamer.me","70","/links","7","Search Veronica-2","/v2/vs"
"zelibertinegamer.me","70","/links","i","A fun phlog aggregator"
"zelibertinegamer.me","70","/links","0","Gopher and Gopherspace, by rbigelo","/users/rbigelo/gopher.txt"
"zelibertinegamer.me","70","/links","i","The author of sgopherd, the Gopher software that powers this gopherhole"
"zelibertinegamer.me","70","/guestbook.dcgi","i","Ze Libertine Gamer's Guestbook"
"zelibertinegamer.me","70","/guestbook.dcgi","i",""
"zelibertinegamer.me","70","/guestbook.dcgi","i","This is where you can leave feedback for me to read. I typically won't"
"zelibertinegamer.me","70","/guestbook.dcgi","i","censor anything except spam. It's especially useful if you know of any"
"zelibertinegamer.me","70","/guestbook.dcgi","i","Gopherspaces that are worth reading! If it's interesting to me, it might"
"zelibertinegamer.me","70","/guestbook.dcgi","i","end up in the Other Gopherholes page."
"zelibertinegamer.me","70","/guestbook.dcgi","i",""
"zelibertinegamer.me","70","/guestbook.dcgi","i","When commenting, tell me about yourself and/or what brings you to gopherspace."
"zelibertinegamer.me","70","/guestbook.dcgi","i","It'd be nice to see how far my little gopherhole is reaching!"
"zelibertinegamer.me","70","/guestbook.dcgi","i",""
"zelibertinegamer.me","70","/guestbook.dcgi","i","Note: All timestamps are UTC (Universal Coordinated Time)."
"zelibertinegamer.me","70","/guestbook.dcgi","i",""
"zelibertinegamer.me","70","/guestbook.dcgi","7","Add your own comment","/add_comment.dcgi"
"zelibertinegamer.me","70","/guestbook.dcgi","i","                               - - - - -"
"zelibertinegamer.me","70","/guestbook.dcgi","i","comment 24"
"zelibertinegamer.me","70","/guestbook.dcgi","i","2017-08-14 00:44"
"zelibertinegamer.me","70","/guestbook.dcgi","i","    Greetings from Wyoming! I am also running a gopher server on an RPi3"
"zelibertinegamer.me","70","/guestbook.dcgi","i","    - The Raspberry Pi of Death - gopher://rpod.leveck.us:70"
"zelibertinegamer.me","70","/guestbook.dcgi","i","                               - - - - -"
"zelibertinegamer.me","70","/guestbook.dcgi","i","comment 23"
"zelibertinegamer.me","70","/guestbook.dcgi","i","2017-07-30 19:54"
"zelibertinegamer.me","70","/guestbook.dcgi","i","    Do you have straight-jackets for the guests?"
"zelibertinegamer.me","70","/guestbook.dcgi","i","                               - - - - -"
"zelibertinegamer.me","70","/guestbook.dcgi","i","comment 22"
"zelibertinegamer.me","70","/guestbook.dcgi","i","2017-06-11 23:05"
"zelibertinegamer.me","70","/guestbook.dcgi","i","    Keep on keeping on! :)"
"zelibertinegamer.me","70","/guestbook.dcgi","i","                               - - - - -"
"zelibertinegamer.me","70","/guestbook.dcgi","i","comment 21"
"zelibertinegamer.me","70","/guestbook.dcgi","i","2017-05-13 02:36"
"zelibertinegamer.me","70","/guestbook.dcgi","i","    @20 Great to hear! I've been meaning to get back to EO as well."
"zelibertinegamer.me","70","/guestbook.dcgi","i","    I beat EO1 but the 6th stratum is a pain! I might just move onto"
"zelibertinegamer.me","70","/guestbook.dcgi","i","    EO2... --zlg"
"zelibertinegamer.me","70","/guestbook.dcgi","i","                               - - - - -"
"zelibertinegamer.me","70","/guestbook.dcgi","i","comment 20"
"zelibertinegamer.me","70","/guestbook.dcgi","i","2017-04-11 19:55"
"zelibertinegamer.me","70","/guestbook.dcgi","i","    Your gopherhole instilled me with great interest in dungeon"
"zelibertinegamer.me","70","/guestbook.dcgi","i","    crawlers. Starting Legend of Grimrock and Etrian Odyssey when I fix"
"zelibertinegamer.me","70","/guestbook.dcgi","i","    a DS that's laying around."
"zelibertinegamer.me","70","/guestbook.dcgi","i","                               - - - - -"
"zelibertinegamer.me","70","/guestbook.dcgi","i","comment 19"
"zelibertinegamer.me","70","/guestbook.dcgi","i","2017-03-29 10:44"
"zelibertinegamer.me","70","/guestbook.dcgi","i","    Carry on my wayward son"
"zelibertinegamer.me","70","/guestbook.dcgi","i","                               - - - - -"
"zelibertinegamer.me","70","/guestbook.dcgi","i","comment 18"
"zelibertinegamer.me","70","/guestbook.dcgi","i","2017-02-19 05:46"
"zelibertinegamer.me","70","/guestbook.dcgi","i","    Greetings from dusted.dk! Really cool gopherhole! I'll be checking"
"zelibertinegamer.me","70","/guestbook.dcgi","i","    up on this! By the way, check out npm gopher-lib :)"
"zelibertinegamer.me","70","/guestbook.dcgi","i","                               - - - - -"
"zelibertinegamer.me","70","/guestbook.dcgi","i","comment 17"
"zelibertinegamer.me","70","/guestbook.dcgi","i","2017-01-12 09:28"
"zelibertinegamer.me","70","/guestbook.dcgi","i","    The gopherhole is back up now, after switching hardware."
"zelibertinegamer.me","70","/guestbook.dcgi","i","                               - - - - -"
"zelibertinegamer.me","70","/guestbook.dcgi","i","comment 16"
"zelibertinegamer.me","70","/guestbook.dcgi","i","2017-01-01 07:59"
"zelibertinegamer.me","70","/guestbook.dcgi","i","    @12 I don't know how to answer, haha. Is that a reference to"
"zelibertinegamer.me","70","/guestbook.dcgi","i","    anything?"
"zelibertinegamer.me","70","/guestbook.dcgi","i","                               - - - - -"
"zelibertinegamer.me","70","/guestbook.dcgi","i","comment 15"
"zelibertinegamer.me","70","/guestbook.dcgi","i","2017-01-01 07:32"
"zelibertinegamer.me","70","/guestbook.dcgi","i","    @13 I checked your gopherhole out just the other night and like"
"zelibertinegamer.me","70","/guestbook.dcgi","i","    how each page's content is behind a 'link', so it's not inundating"
"zelibertinegamer.me","70","/guestbook.dcgi","i","    the navigation. Self-hosting is a great idea, and becoming more"
"zelibertinegamer.me","70","/guestbook.dcgi","i","    attractive as more companies try to run analytics on people. Stay"
"zelibertinegamer.me","70","/guestbook.dcgi","i","    safe out there, and thanks for visiting! --zlg"
"zelibertinegamer.me","70","/guestbook.dcgi","i","                               - - - - -"
"zelibertinegamer.me","70","/guestbook.dcgi","i","comment 14"
"zelibertinegamer.me","70","/guestbook.dcgi","i","2017-01-01 07:30"
"zelibertinegamer.me","70","/guestbook.dcgi","i","    @11 Glad to know someone else appreciates the design of older games!"
"zelibertinegamer.me","70","/guestbook.dcgi","i","    I'm actually not done with that article; I plan to cover a few more"
"zelibertinegamer.me","70","/guestbook.dcgi","i","    games with it in the future. I agree that a lot of people don't"
"zelibertinegamer.me","70","/guestbook.dcgi","i","    experiment as much as they used to, and the design of many things"
"zelibertinegamer.me","70","/guestbook.dcgi","i","    suffers as a result. Thanks for visiting! --zlg"
"zelibertinegamer.me","70","/guestbook.dcgi","i","                               - - - - -"
"zelibertinegamer.me","70","/guestbook.dcgi","i","comment 13"
"zelibertinegamer.me","70","/guestbook.dcgi","i","2016-12-28 13:06"
"zelibertinegamer.me","70","/guestbook.dcgi","i","    Great gopherhole! I'm digging my own at dusted.dk but it may not be"
"zelibertinegamer.me","70","/guestbook.dcgi","i","    of interest, thought I'm a fellow programmer! :) I like the idea"
"zelibertinegamer.me","70","/guestbook.dcgi","i","    of an Internet that is more than the web and more than Apps and"
"zelibertinegamer.me","70","/guestbook.dcgi","i","    commercial services. All have computers, all build it!"
"zelibertinegamer.me","70","/guestbook.dcgi","i","                               - - - - -"
"zelibertinegamer.me","70","/guestbook.dcgi","i","comment 12"
"zelibertinegamer.me","70","/guestbook.dcgi","i","2016-12-27 17:54"
"zelibertinegamer.me","70","/guestbook.dcgi","i","    Do you have straight jackets for the guests?"
"zelibertinegamer.me","70","/guestbook.dcgi","i","                               - - - - -"
"zelibertinegamer.me","70","/guestbook.dcgi","i","comment 11"
"zelibertinegamer.me","70","/guestbook.dcgi","i","2016-12-23 15:07"
"zelibertinegamer.me","70","/guestbook.dcgi","i","    Guten Tag, mein Freund! I grew up with SNES, and MMX was my"
"zelibertinegamer.me","70","/guestbook.dcgi","i","    absolute-favorite cartridge. The thing is, my parents got most of my"
"zelibertinegamer.me","70","/guestbook.dcgi","i","    games used, which never came with a manual. I never asked questions;"
"zelibertinegamer.me","70","/guestbook.dcgi","i","    I just played them and see'd what happen'd. Over time, people just"
"zelibertinegamer.me","70","/guestbook.dcgi","i","    started asking more and more questions, afraid to just do it and"
"zelibertinegamer.me","70","/guestbook.dcgi","i","    see what happens. Props for remembering Super Metroid too. What a"
"zelibertinegamer.me","70","/guestbook.dcgi","i","    fantastic lot of entertainment. --Brian G"
"zelibertinegamer.me","70","/guestbook.dcgi","i","                               - - - - -"
"zelibertinegamer.me","70","/guestbook.dcgi","i","comment 10"
"zelibertinegamer.me","70","/guestbook.dcgi","i","2016-10-19 11:37"
"zelibertinegamer.me","70","/guestbook.dcgi","i","    @9 I hope you enjoy your travels!"
"zelibertinegamer.me","70","/guestbook.dcgi","i","                               - - - - -"
"zelibertinegamer.me","70","/guestbook.dcgi","i","comment 9"
"zelibertinegamer.me","70","/guestbook.dcgi","i","2016-10-11 01:02"
"zelibertinegamer.me","70","/guestbook.dcgi","i","    Just browsing the gopherspace."
"zelibertinegamer.me","70","/guestbook.dcgi","i","                               - - - - -"
"zelibertinegamer.me","70","/guestbook.dcgi","i","comment 8"
"zelibertinegamer.me","70","/guestbook.dcgi","i","2016-10-07 12:21"
"zelibertinegamer.me","70","/guestbook.dcgi","i","    test"
"zelibertinegamer.me","70","/guestbook.dcgi","i","                               - - - - -"
"zelibertinegamer.me","70","/guestbook.dcgi","i","comment 7"
"zelibertinegamer.me","70","/guestbook.dcgi","i","2016-07-07 12:28"
"zelibertinegamer.me","70","/guestbook.dcgi","i","    @6: Yeah, Firefox has been odd ever since the Australis UI got"
"zelibertinegamer.me","70","/guestbook.dcgi","i","    pushed. With Hello, Pocket, and the upcoming deprecation of their"
"zelibertinegamer.me","70","/guestbook.dcgi","i","    extension system, Mozilla is taking things in a direction I'm not"
"zelibertinegamer.me","70","/guestbook.dcgi","i","    sure is best for the Web. I enjoyed the ideas that uzbl represented:"
"zelibertinegamer.me","70","/guestbook.dcgi","i","    using an embeddable browser engine and creating simple plumbing"
"zelibertinegamer.me","70","/guestbook.dcgi","i","    around it to facilitate user needs is the most UNIX-y way to do it,"
"zelibertinegamer.me","70","/guestbook.dcgi","i","    and has the potential to build a broad and active community. afaik,"
"zelibertinegamer.me","70","/guestbook.dcgi","i","    uzbl's not even active anymore, which is a shame."
"zelibertinegamer.me","70","/guestbook.dcgi","i","                               - - - - -"
"zelibertinegamer.me","70","/guestbook.dcgi","i","comment 6"
"zelibertinegamer.me","70","/guestbook.dcgi","i","2016-06-28 15:58"
"zelibertinegamer.me","70","/guestbook.dcgi","i","    Co-called modern web browsers mostly suck. That is why SeaMonkey"
"zelibertinegamer.me","70","/guestbook.dcgi","i","    (unofficial community-driven software) is better than Firefox"
"zelibertinegamer.me","70","/guestbook.dcgi","i","    (official commercial product of the Mozilla Foundation)."
"zelibertinegamer.me","70","/guestbook.dcgi","i","                               - - - - -"
"zelibertinegamer.me","70","/guestbook.dcgi","i","comment 5"
"zelibertinegamer.me","70","/guestbook.dcgi","i","2016-06-27 18:50"
"zelibertinegamer.me","70","/guestbook.dcgi","i","    (cont'd from #4) UTF-8 is not a legacy encoding so we shouldn't"
"zelibertinegamer.me","70","/guestbook.dcgi","i","    list it in fallbacks. I'll recheck my settings to see if I can find"
"zelibertinegamer.me","70","/guestbook.dcgi","i","    a way around it. Good to know Floodfgap's listing is bringing some"
"zelibertinegamer.me","70","/guestbook.dcgi","i","    visitors! :)"
"zelibertinegamer.me","70","/guestbook.dcgi","i","                               - - - - -"
"zelibertinegamer.me","70","/guestbook.dcgi","i","comment 4"
"zelibertinegamer.me","70","/guestbook.dcgi","i","2016-06-27 18:49"
"zelibertinegamer.me","70","/guestbook.dcgi","i","    I've had similar results in Firefox and noticed the same things,"
"zelibertinegamer.me","70","/guestbook.dcgi","i","    except text files would never render in UTF-8 unless I told it to."
"zelibertinegamer.me","70","/guestbook.dcgi","i","    The last time I checked up on Firefox settings, upstream seemed to"
"zelibertinegamer.me","70","/guestbook.dcgi","i","    have actively removed UTF-8-by-default stating (cont'd)"
"zelibertinegamer.me","70","/guestbook.dcgi","i","                               - - - - -"
"zelibertinegamer.me","70","/guestbook.dcgi","i","comment 3"
"zelibertinegamer.me","70","/guestbook.dcgi","i","2016-06-26 00:11"
"zelibertinegamer.me","70","/guestbook.dcgi","i","    There is a way to use OverbiteFF with UTF-8 by default (without"
"zelibertinegamer.me","70","/guestbook.dcgi","i","    any manual switching). I use SeaMonkey with OverbiteFF extension"
"zelibertinegamer.me","70","/guestbook.dcgi","i","    for Gopher. My settings are: 1)Settings->Languages->Encoding by"
"zelibertinegamer.me","70","/guestbook.dcgi","i","    default->UTF-8; 2)View->Encoding->Autodetection->None in SeaMonkey"
"zelibertinegamer.me","70","/guestbook.dcgi","i","    graphical menu. The result? All Gopher menus (type 1) and text"
"zelibertinegamer.me","70","/guestbook.dcgi","i","    files (type 0) are rendered as UTF-8. But if I encounter a Gopher"
"zelibertinegamer.me","70","/guestbook.dcgi","i","    menu or a text document in any encoding other than UTF-8, I"
"zelibertinegamer.me","70","/guestbook.dcgi","i","    have to manually switch. P.S.: I came across your hole through"
"zelibertinegamer.me","70","/guestbook.dcgi","i","    gopher://gopher.floodgap.com/1/new"
"zelibertinegamer.me","70","/guestbook.dcgi","i","                               - - - - -"
"zelibertinegamer.me","70","/guestbook.dcgi","i","comment 2"
"zelibertinegamer.me","70","/guestbook.dcgi","i","2016-06-16 02:51"
"zelibertinegamer.me","70","/guestbook.dcgi","i","    Testing, one two."
"zelibertinegamer.me","70","/guestbook.dcgi","i","                               - - - - -"
"zelibertinegamer.me","70","/guestbook.dcgi","i","comment 1"
"zelibertinegamer.me","70","/guestbook.dcgi","i","2016-06-16 00:47"
"zelibertinegamer.me","70","/guestbook.dcgi","i","    First!"
"zelibertinegamer.me","70","/faqs/gba","i","Games are listed alphabetically, with each FAQ offered just under the title."
"zelibertinegamer.me","70","/faqs/gba","i",""
"zelibertinegamer.me","70","/faqs/gba","i","Metroid Zero Mission"
"zelibertinegamer.me","70","/faqs/gba","i","--------------------"
"zelibertinegamer.me","70","/faqs/gba","I","Zebes Map","/faqs/gba/metroid_zero-mission.png"
"zelibertinegamer.me","70","/faqs/nds","i","Games are listed alphabetically, with each FAQ offered just under the title."
"zelibertinegamer.me","70","/faqs/nds","i",""
"zelibertinegamer.me","70","/faqs/nds","i","Etrian Odyssey"
"zelibertinegamer.me","70","/faqs/nds","i","--------------"
"zelibertinegamer.me","70","/faqs/nds","0","Class Skill Trees","/faqs/nds/etrian-odyssey_skill-list.txt"
"zelibertinegamer.me","70","/faqs/nds","i",""
"zelibertinegamer.me","70","/faqs/nds","i","Izuna: Legend of the Unemployed Ninja"
"zelibertinegamer.me","70","/faqs/nds","i","-------------------------------------"
"zelibertinegamer.me","70","/faqs/nds","0","Advanced Gameplay Guide","/faqs/nds/izuna-unemployed-ninja_advanced-play.txt"
"zelibertinegamer.me","70","/faqs/nds","i",""
"zelibertinegamer.me","70","/faqs/nds","i","Mario Kart DS"
"zelibertinegamer.me","70","/faqs/nds","i","-------------"
"zelibertinegamer.me","70","/faqs/nds","0","Game Mechanics Guide","/faqs/nds/mario-kart-ds_mechanics.txt"
"zelibertinegamer.me","70","/articles/Software","i","This is a collection of software-related essays, articles, and other fun stuff"
"zelibertinegamer.me","70","/articles/Software","i","written by me. I hope you find it interesting."
"zelibertinegamer.me","70","/articles/Software","i",""
"zelibertinegamer.me","70","/articles/Software","0","Codes of Conduct -- 2016-06-13","/articles/Software/codes-of-conduct.txt"
"zelibertinegamer.me","70","/articles/Software","0","Unrest at Gentoo -- 2016-12-07","/articles/Software/unrest-at-gentoo.txt"
